spotSeq,spotRate,spotAveragePoint,spotName,spotCategory,spotLat,spotLng,spotZipcode,spotAddress,spotBuildingName,spotPlaceId,spotOpenDays,spotCloseDays,spotRunTimesMemo,spotTelNumber,spotRegLang,spotIsViewEnabled,spotViewCount,soptRegUserId,spotRegLoginRouteType,spotRegDatetime,totalSpotPointCommentsCount,totalCurrentSpotFavoritesCount,sfiInfo
3d81b1b8733961d840f006bbfff854f720221024114414,bf,5,도마1동행정복지센터,category5,36.31607181,127.381102,,대전광역시 서구 도마동,,3017010300,"{'openDays': '', 'openTime': '', 'closeTime': ''}","{'openTime': '', 'closeDays': '', 'closeTime': ''}",,,,Y,9,nong2222@naver.com,kakaotalk,2022-10-24 11:44,0,0,"[{'sfsSeq': 8, 'sfsDesc': {'en': 'Easily accessible for Wheelchairs.', 'ko': '휠체어 접근이 용이합니다.'}, 'sfsName': {'en': 'Wheelchair accessible', 'ko': '휠체어 접근 가능'}, 'isChecked': True, 'sfsIconUrl': 'https://s3.ap-northeast-2.amazonaws.com/bfzido/images/facilities_icon/', 'sfsSortNum': 0, 'sfsIconName': 'icon_disabled.png', 'sfsIsEnabled': 'Y', 'sfsRegDatetime': '2018-06-28 18:30:00'}, {'sfsSeq': 9, 'sfsDesc': [], 'sfsName': {'en': 'The place is on the first floor.', 'ko': '해당 장소가 1층에 위치함'}, 'isChecked': True, 'sfsIconUrl': 'https://s3.ap-northeast-2.amazonaws.com/bfzido/images/facilities_icon/', 'sfsSortNum': 1, 'sfsIconName': 'icon_groundfloor.png', 'sfsIsEnabled': 'Y', 'sfsRegDatetime': '2018-06-28 18:30:00'}, {'sfsSeq': 10, 'sfsDesc': [], 'sfsName': {'en': 'Disabled toilet available', 'ko': '장애인 화장실 있음'}, 'isChecked': True, 'sfsIconUrl': 'https://s3.ap-northeast-2.amazonaws.com/bfzido/images/facilities_icon/', 'sfsSortNum': 2, 'sfsIconName': 'icon_restroom.png', 'sfsIsEnabled': 'Y', 'sfsRegDatetime': '2018-06-28 18:30:00'}, {'sfsSeq': 11, 'sfsDesc': [], 'sfsName': {'en': 'Pet helpers allowed', 'ko': '애완견/도우미견 출입가능'}, 'isChecked': True, 'sfsIconUrl': 'https://s3.ap-northeast-2.amazonaws.com/bfzido/images/facilities_icon/', 'sfsSortNum': 3, 'sfsIconName': 'icon_pet.png', 'sfsIsEnabled': 'Y', 'sfsRegDatetime': '2018-06-28 18:30:00'}, {'sfsSeq': 13, 'sfsDesc': {'en': 'There must be no stairs on the way to the elevator, and the width of the elevator entrance must be at least 32 inches / 81 cm.', 'ko': '엘리베이터까지 이동하는데 계단이 없어야하며, 엘리베이터 입구의 가로 길이가 최소 32인치/81cm이어야 합니다.'}, 'sfsName': {'en': 'Elevator', 'ko': '엘리베이터 있음'}, 'isChecked': True, 'sfsIconUrl': 'https://s3.ap-northeast-2.amazonaws.com/bfzido/images/facilities_icon/', 'sfsSortNum': 5, 'sfsIconName': 'icon_elevator.png', 'sfsIsEnabled': 'Y', 'sfsRegDatetime': '2018-06-28 18:30:00'}, {'sfsSeq': 14, 'sfsDesc': [], 'sfsName': {'en': 'Free parking', 'ko': '건물 내 무료 주차 가능'}, 'isChecked': True, 'sfsIconUrl': 'https://s3.ap-northeast-2.amazonaws.com/bfzido/images/facilities_icon/', 'sfsSortNum': 6, 'sfsIconName': 'icon_parking.png', 'sfsIsEnabled': 'Y', 'sfsRegDatetime': '2018-06-28 18:30:00'}, {'sfsSeq': 15, 'sfsDesc': {'en': 'The Internet connection is stable', 'ko': '해당 장소에서 인터넷이 끊임없이 연결'}, 'sfsName': {'en': 'Wifi zone', 'ko': '무료 무선 인터넷 가능'}, 'isChecked': True, 'sfsIconUrl': 'https://s3.ap-northeast-2.amazonaws.com/bfzido/images/facilities_icon/', 'sfsSortNum': 7, 'sfsIconName': 'icon_wifi.png', 'sfsIsEnabled': 'Y', 'sfsRegDatetime': '2018-06-28 18:30:00'}, {'sfsSeq': 16, 'sfsDesc': [], 'sfsName': {'en': 'Suitable for family / children', 'ko': '가족/어린이 이용에 적합'}, 'isChecked': True, 'sfsIconUrl': 'https://s3.ap-northeast-2.amazonaws.com/bfzido/images/facilities_icon/', 'sfsSortNum': 8, 'sfsIconName': 'icon_people.png', 'sfsIsEnabled': 'Y', 'sfsRegDatetime': '2018-06-28 18:30:00'}]"
cd274f3f2d7ccdb28111e6d3ca67339520221011093235,bf,5,신협,category9,36.31468236,127.3830216,,대전광역시 서구 도마동,,3017010300,"{'openDays': '', 'openTime': '', 'closeTime': ''}","{'openTime': '', 'closeDays': '', 'closeTime': ''}",,,,Y,2,nong2222@naver.com,kakaotalk,2022-10-11 9:32,0,0,"[{'sfsSeq': 8, 'sfsDesc': {'en': 'Easily accessible for Wheelchairs.', 'ko': '휠체어 접근이 용이합니다.'}, 'sfsName': {'en': 'Wheelchair accessible', 'ko': '휠체어 접근 가능'}, 'isChecked': True, 'sfsIconUrl': 'https://s3.ap-northeast-2.amazonaws.com/bfzido/images/facilities_icon/', 'sfsSortNum': 0, 'sfsIconName': 'icon_disabled.png', 'sfsIsEnabled': 'Y', 'sfsRegDatetime': '2018-06-28 18:30:00'}, {'sfsSeq': 9, 'sfsDesc': [], 'sfsName': {'en': 'The place is on the first floor.', 'ko': '해당 장소가 1층에 위치함'}, 'isChecked': True, 'sfsIconUrl': 'https://s3.ap-northeast-2.amazonaws.com/bfzido/images/facilities_icon/', 'sfsSortNum': 1, 'sfsIconName': 'icon_groundfloor.png', 'sfsIsEnabled': 'Y', 'sfsRegDatetime': '2018-06-28 18:30:00'}, {'sfsSeq': 15, 'sfsDesc': {'en': 'The Internet connection is stable', 'ko': '해당 장소에서 인터넷이 끊임없이 연결'}, 'sfsName': {'en': 'Wifi zone', 'ko': '무료 무선 인터넷 가능'}, 'isChecked': True, 'sfsIconUrl': 'https://s3.ap-northeast-2.amazonaws.com/bfzido/images/facilities_icon/', 'sfsSortNum': 7, 'sfsIconName': 'icon_wifi.png', 'sfsIsEnabled': 'Y', 'sfsRegDatetime': '2018-06-28 18:30:00'}, {'sfsSeq': 16, 'sfsDesc': [], 'sfsName': {'en': 'Suitable for family / children', 'ko': '가족/어린이 이용에 적합'}, 'isChecked': True, 'sfsIconUrl': 'https://s3.ap-northeast-2.amazonaws.com/bfzido/images/facilities_icon/', 'sfsSortNum': 8, 'sfsIconName': 'icon_people.png', 'sfsIsEnabled': 'Y', 'sfsRegDatetime': '2018-06-28 18:30:00'}]"
ade1ed661172eb51e52e3dfa55bb929520221011092358,bf,5,크로커다일,category7,36.31453553,127.3827927,,대전광역시 서구 도마동,,3017010300,"{'openDays': '', 'openTime': '', 'closeTime': ''}","{'openTime': '', 'closeDays': '', 'closeTime': ''}",,,,Y,4,nong2222@naver.com,kakaotalk,2022-10-11 9:23,0,0,"[{'sfsSeq': 8, 'sfsDesc': {'en': 'Easily accessible for Wheelchairs.', 'ko': '휠체어 접근이 용이합니다.'}, 'sfsName': {'en': 'Wheelchair accessible', 'ko': '휠체어 접근 가능'}, 'isChecked': True, 'sfsIconUrl': 'https://s3.ap-northeast-2.amazonaws.com/bfzido/images/facilities_icon/', 'sfsSortNum': 0, 'sfsIconName': 'icon_disabled.png', 'sfsIsEnabled': 'Y', 'sfsRegDatetime': '2018-06-28 18:30:00'}, {'sfsSeq': 9, 'sfsDesc': [], 'sfsName': {'en': 'The place is on the first floor.', 'ko': '해당 장소가 1층에 위치함'}, 'isChecked': True, 'sfsIconUrl': 'https://s3.ap-northeast-2.amazonaws.com/bfzido/images/facilities_icon/', 'sfsSortNum': 1, 'sfsIconName': 'icon_groundfloor.png', 'sfsIsEnabled': 'Y', 'sfsRegDatetime': '2018-06-28 18:30:00'}, {'sfsSeq': 16, 'sfsDesc': [], 'sfsName': {'en': 'Suitable for family / children', 'ko': '가족/어린이 이용에 적합'}, 'isChecked': True, 'sfsIconUrl': 'https://s3.ap-northeast-2.amazonaws.com/bfzido/images/facilities_icon/', 'sfsSortNum': 8, 'sfsIconName': 'icon_people.png', 'sfsIsEnabled': 'Y', 'sfsRegDatetime': '2018-06-28 18:30:00'}]"
4dbaa0aa621ea9c2f1660b57bb79036620220504094355,bf,5,카페 B 307308,category1,36.39665927,127.4027384,,대전광역시 유성구 전민동,,3020014100,"{'openDays': ['mon', 'tue', 'wed', 'thu', 'fri', 'sat'], 'openTime': '10:30', 'closeTime': '22:00'}","{'openTime': '', 'closeDays': '', 'closeTime': ''}",,428638680,,Y,10,v098nk@naver.com,kakaotalk,2022-05-04 9:43,0,0,"[{'sfsSeq': 8, 'sfsDesc': {'en': 'Easily accessible for Wheelchairs.', 'ko': '휠체어 접근이 용이합니다.'}, 'sfsName': {'en': 'Wheelchair accessible', 'ko': '휠체어 접근 가능'}, 'isChecked': True, 'sfsIconUrl': 'https://s3.ap-northeast-2.amazonaws.com/bfzido/images/facilities_icon/', 'sfsSortNum': 0, 'sfsIconName': 'icon_disabled.png', 'sfsIsEnabled': 'Y', 'sfsRegDatetime': '2018-06-28 18:30:00'}, {'sfsSeq': 9, 'sfsDesc': [], 'sfsName': {'en': 'The place is on the first floor.', 'ko': '해당 장소가 1층에 위치함'}, 'isChecked': True, 'sfsIconUrl': 'https://s3.ap-northeast-2.amazonaws.com/bfzido/images/facilities_icon/', 'sfsSortNum': 1, 'sfsIconName': 'icon_groundfloor.png', 'sfsIsEnabled': 'Y', 'sfsRegDatetime': '2018-06-28 18:30:00'}, {'sfsSeq': 15, 'sfsDesc': {'en': 'The Internet connection is stable', 'ko': '해당 장소에서 인터넷이 끊임없이 연결'}, 'sfsName': {'en': 'Wifi zone', 'ko': '무료 무선 인터넷 가능'}, 'isChecked': True, 'sfsIconUrl': 'https://s3.ap-northeast-2.amazonaws.com/bfzido/images/facilities_icon/', 'sfsSortNum': 7, 'sfsIconName': 'icon_wifi.png', 'sfsIsEnabled': 'Y', 'sfsRegDatetime': '2018-06-28 18:30:00'}, {'sfsSeq': 16, 'sfsDesc': [], 'sfsName': {'en': 'Suitable for family / children', 'ko': '가족/어린이 이용에 적합'}, 'isChecked': True, 'sfsIconUrl': 'https://s3.ap-northeast-2.amazonaws.com/bfzido/images/facilities_icon/', 'sfsSortNum': 8, 'sfsIconName': 'icon_people.png', 'sfsIsEnabled': 'Y', 'sfsRegDatetime': '2018-06-28 18:30:00'}]"
b26e2254e9a24c1f4202bb4aac27d63320220504094126,bf,5,리본커피,category1,36.39651693,127.4038579,,대전광역시 유성구 전민동,,3020014100,"{'openDays': ['mon', 'tue', 'wed', 'thu', 'fri', 'sat', 'sun'], 'openTime': '09:00', 'closeTime': '19:00'}","{'openTime': '', 'closeDays': '', 'closeTime': ''}",,428643332,,Y,1,v098nk@naver.com,kakaotalk,2022-05-04 9:41,0,0,"[{'sfsSeq': 8, 'sfsDesc': {'en': 'Easily accessible for Wheelchairs.', 'ko': '휠체어 접근이 용이합니다.'}, 'sfsName': {'en': 'Wheelchair accessible', 'ko': '휠체어 접근 가능'}, 'isChecked': True, 'sfsIconUrl': 'https://s3.ap-northeast-2.amazonaws.com/bfzido/images/facilities_icon/', 'sfsSortNum': 0, 'sfsIconName': 'icon_disabled.png', 'sfsIsEnabled': 'Y', 'sfsRegDatetime': '2018-06-28 18:30:00'}, {'sfsSeq': 9, 'sfsDesc': [], 'sfsName': {'en': 'The place is on the first floor.', 'ko': '해당 장소가 1층에 위치함'}, 'isChecked': True, 'sfsIconUrl': 'https://s3.ap-northeast-2.amazonaws.com/bfzido/images/facilities_icon/', 'sfsSortNum': 1, 'sfsIconName': 'icon_groundfloor.png', 'sfsIsEnabled': 'Y', 'sfsRegDatetime': '2018-06-28 18:30:00'}, {'sfsSeq': 10, 'sfsDesc': [], 'sfsName': {'en': 'Disabled toilet available', 'ko': '장애인 화장실 있음'}, 'isChecked': True, 'sfsIconUrl': 'https://s3.ap-northeast-2.amazonaws.com/bfzido/images/facilities_icon/', 'sfsSortNum': 2, 'sfsIconName': 'icon_restroom.png', 'sfsIsEnabled': 'Y', 'sfsRegDatetime': '2018-06-28 18:30:00'}, {'sfsSeq': 11, 'sfsDesc': [], 'sfsName': {'en': 'Pet helpers allowed', 'ko': '애완견/도우미견 출입가능'}, 'isChecked': True, 'sfsIconUrl': 'https://s3.ap-northeast-2.amazonaws.com/bfzido/images/facilities_icon/', 'sfsSortNum': 3, 'sfsIconName': 'icon_pet.png', 'sfsIsEnabled': 'Y', 'sfsRegDatetime': '2018-06-28 18:30:00'}, {'sfsSeq': 15, 'sfsDesc': {'en': 'The Internet connection is stable', 'ko': '해당 장소에서 인터넷이 끊임없이 연결'}, 'sfsName': {'en': 'Wifi zone', 'ko': '무료 무선 인터넷 가능'}, 'isChecked': True, 'sfsIconUrl': 'https://s3.ap-northeast-2.amazonaws.com/bfzido/images/facilities_icon/', 'sfsSortNum': 7, 'sfsIconName': 'icon_wifi.png', 'sfsIsEnabled': 'Y', 'sfsRegDatetime': '2018-06-28 18:30:00'}, {'sfsSeq': 16, 'sfsDesc': [], 'sfsName': {'en': 'Suitable for family / children', 'ko': '가족/어린이 이용에 적합'}, 'isChecked': True, 'sfsIconUrl': 'https://s3.ap-northeast-2.amazonaws.com/bfzido/images/facilities_icon/', 'sfsSortNum': 8, 'sfsIconName': 'icon_people.png', 'sfsIsEnabled': 'Y', 'sfsRegDatetime': '2018-06-28 18:30:00'}]"
b400de18f9db7d6f1ee47eb1c8ecd65e20220206140849,bf,5,이마트24 유성스마트시티점,category7,36.37773642,127.3917278,,대전광역시 유성구 도룡동,,3020012700,"{'openDays': ['mon', 'tue', 'wed', 'thu', 'fri', 'sat', 'sun'], 'openTime': '00:00', 'closeTime': '00:00'}","{'openTime': '', 'closeDays': '', 'closeTime': ''}",,428671991,,Y,2,dahyee0218@daum.net,kakaotalk,2022-02-06 14:08,0,0,"[{'sfsSeq': 8, 'sfsDesc': {'en': 'Easily accessible for Wheelchairs.', 'ko': '휠체어 접근이 용이합니다.'}, 'sfsName': {'en': 'Wheelchair accessible', 'ko': '휠체어 접근 가능'}, 'isChecked': True, 'sfsIconUrl': 'https://s3.ap-northeast-2.amazonaws.com/bfzido/images/facilities_icon/', 'sfsSortNum': 0, 'sfsIconName': 'icon_disabled.png', 'sfsIsEnabled': 'Y', 'sfsRegDatetime': '2018-06-28 18:30:00'}, {'sfsSeq': 9, 'sfsDesc': [], 'sfsName': {'en': 'The place is on the first floor.', 'ko': '해당 장소가 1층에 위치함'}, 'isChecked': True, 'sfsIconUrl': 'https://s3.ap-northeast-2.amazonaws.com/bfzido/images/facilities_icon/', 'sfsSortNum': 1, 'sfsIconName': 'icon_groundfloor.png', 'sfsIsEnabled': 'Y', 'sfsRegDatetime': '2018-06-28 18:30:00'}, {'sfsSeq': 11, 'sfsDesc': [], 'sfsName': {'en': 'Pet helpers allowed', 'ko': '애완견/도우미견 출입가능'}, 'isChecked': True, 'sfsIconUrl': 'https://s3.ap-northeast-2.amazonaws.com/bfzido/images/facilities_icon/', 'sfsSortNum': 3, 'sfsIconName': 'icon_pet.png', 'sfsIsEnabled': 'Y', 'sfsRegDatetime': '2018-06-28 18:30:00'}, {'sfsSeq': 15, 'sfsDesc': {'en': 'The Internet connection is stable', 'ko': '해당 장소에서 인터넷이 끊임없이 연결'}, 'sfsName': {'en': 'Wifi zone', 'ko': '무료 무선 인터넷 가능'}, 'isChecked': True, 'sfsIconUrl': 'https://s3.ap-northeast-2.amazonaws.com/bfzido/images/facilities_icon/', 'sfsSortNum': 7, 'sfsIconName': 'icon_wifi.png', 'sfsIsEnabled': 'Y', 'sfsRegDatetime': '2018-06-28 18:30:00'}, {'sfsSeq': 16, 'sfsDesc': [], 'sfsName': {'en': 'Suitable for family / children', 'ko': '가족/어린이 이용에 적합'}, 'isChecked': True, 'sfsIconUrl': 'https://s3.ap-northeast-2.amazonaws.com/bfzido/images/facilities_icon/', 'sfsSortNum': 8, 'sfsIconName': 'icon_people.png', 'sfsIsEnabled': 'Y', 'sfsRegDatetime': '2018-06-28 18:30:00'}]"
289e2b771674caef0fb67b231fdb9bbc20220206125155,bf,5,신성동 우체국,category5,36.38996345,127.3487098,,대전광역시 유성구 신성동,,3020012500,"{'openDays': ['mon', 'tue', 'wed', 'thu', 'fri'], 'openTime': '09:00', 'closeTime': '18:00'}","{'openTime': '', 'closeDays': '', 'closeTime': ''}",,428613200,,Y,3,dahyee0218@daum.net,kakaotalk,2022-02-06 12:51,0,0,"[{'sfsSeq': 8, 'sfsDesc': {'en': 'Easily accessible for Wheelchairs.', 'ko': '휠체어 접근이 용이합니다.'}, 'sfsName': {'en': 'Wheelchair accessible', 'ko': '휠체어 접근 가능'}, 'isChecked': True, 'sfsIconUrl': 'https://s3.ap-northeast-2.amazonaws.com/bfzido/images/facilities_icon/', 'sfsSortNum': 0, 'sfsIconName': 'icon_disabled.png', 'sfsIsEnabled': 'Y', 'sfsRegDatetime': '2018-06-28 18:30:00'}, {'sfsSeq': 9, 'sfsDesc': [], 'sfsName': {'en': 'The place is on the first floor.', 'ko': '해당 장소가 1층에 위치함'}, 'isChecked': True, 'sfsIconUrl': 'https://s3.ap-northeast-2.amazonaws.com/bfzido/images/facilities_icon/', 'sfsSortNum': 1, 'sfsIconName': 'icon_groundfloor.png', 'sfsIsEnabled': 'Y', 'sfsRegDatetime': '2018-06-28 18:30:00'}, {'sfsSeq': 11, 'sfsDesc': [], 'sfsName': {'en': 'Pet helpers allowed', 'ko': '애완견/도우미견 출입가능'}, 'isChecked': True, 'sfsIconUrl': 'https://s3.ap-northeast-2.amazonaws.com/bfzido/images/facilities_icon/', 'sfsSortNum': 3, 'sfsIconName': 'icon_pet.png', 'sfsIsEnabled': 'Y', 'sfsRegDatetime': '2018-06-28 18:30:00'}, {'sfsSeq': 15, 'sfsDesc': {'en': 'The Internet connection is stable', 'ko': '해당 장소에서 인터넷이 끊임없이 연결'}, 'sfsName': {'en': 'Wifi zone', 'ko': '무료 무선 인터넷 가능'}, 'isChecked': True, 'sfsIconUrl': 'https://s3.ap-northeast-2.amazonaws.com/bfzido/images/facilities_icon/', 'sfsSortNum': 7, 'sfsIconName': 'icon_wifi.png', 'sfsIsEnabled': 'Y', 'sfsRegDatetime': '2018-06-28 18:30:00'}, {'sfsSeq': 16, 'sfsDesc': [], 'sfsName': {'en': 'Suitable for family / children', 'ko': '가족/어린이 이용에 적합'}, 'isChecked': True, 'sfsIconUrl': 'https://s3.ap-northeast-2.amazonaws.com/bfzido/images/facilities_icon/', 'sfsSortNum': 8, 'sfsIconName': 'icon_people.png', 'sfsIsEnabled': 'Y', 'sfsRegDatetime': '2018-06-28 18:30:00'}]"
c494c039dd2bd8ddcca27e9f755a6b2120220121151927,bf,5,파스쿠찌 대전 롯데점,category1,36.34102994,127.390178,,대전광역시 서구 탄방동,,3017010600,"{'openDays': ['mon', 'tue', 'wed', 'thu', 'fri', 'sat', 'sun'], 'openTime': '08:00', 'closeTime': '22:00'}","{'openTime': '', 'closeDays': '', 'closeTime': ''}",,424848497,,Y,3,junmin5@naver.com,email,2022-01-21 15:19,0,0,"[{'sfsSeq': 8, 'sfsDesc': {'en': 'Easily accessible for Wheelchairs.', 'ko': '휠체어 접근이 용이합니다.'}, 'sfsName': {'en': 'Wheelchair accessible', 'ko': '휠체어 접근 가능'}, 'isChecked': True, 'sfsIconUrl': 'https://s3.ap-northeast-2.amazonaws.com/bfzido/images/facilities_icon/', 'sfsSortNum': 0, 'sfsIconName': 'icon_disabled.png', 'sfsIsEnabled': 'Y', 'sfsRegDatetime': '2018-06-28 18:30:00'}, {'sfsSeq': 9, 'sfsDesc': [], 'sfsName': {'en': 'The place is on the first floor.', 'ko': '해당 장소가 1층에 위치함'}, 'isChecked': True, 'sfsIconUrl': 'https://s3.ap-northeast-2.amazonaws.com/bfzido/images/facilities_icon/', 'sfsSortNum': 1, 'sfsIconName': 'icon_groundfloor.png', 'sfsIsEnabled': 'Y', 'sfsRegDatetime': '2018-06-28 18:30:00'}, {'sfsSeq': 10, 'sfsDesc': [], 'sfsName': {'en': 'Disabled toilet available', 'ko': '장애인 화장실 있음'}, 'isChecked': True, 'sfsIconUrl': 'https://s3.ap-northeast-2.amazonaws.com/bfzido/images/facilities_icon/', 'sfsSortNum': 2, 'sfsIconName': 'icon_restroom.png', 'sfsIsEnabled': 'Y', 'sfsRegDatetime': '2018-06-28 18:30:00'}, {'sfsSeq': 12, 'sfsDesc': [], 'sfsName': {'en': 'Elevator for the disabled', 'ko': '장애인 엘리베이터 있음'}, 'isChecked': True, 'sfsIconUrl': 'https://s3.ap-northeast-2.amazonaws.com/bfzido/images/facilities_icon/', 'sfsSortNum': 4, 'sfsIconName': 'icon_disabledelevator.png', 'sfsIsEnabled': 'Y', 'sfsRegDatetime': '2018-06-28 18:30:00'}, {'sfsSeq': 13, 'sfsDesc': {'en': 'There must be no stairs on the way to the elevator, and the width of the elevator entrance must be at least 32 inches / 81 cm.', 'ko': '엘리베이터까지 이동하는데 계단이 없어야하며, 엘리베이터 입구의 가로 길이가 최소 32인치/81cm이어야 합니다.'}, 'sfsName': {'en': 'Elevator', 'ko': '엘리베이터 있음'}, 'isChecked': True, 'sfsIconUrl': 'https://s3.ap-northeast-2.amazonaws.com/bfzido/images/facilities_icon/', 'sfsSortNum': 5, 'sfsIconName': 'icon_elevator.png', 'sfsIsEnabled': 'Y', 'sfsRegDatetime': '2018-06-28 18:30:00'}, {'sfsSeq': 14, 'sfsDesc': [], 'sfsName': {'en': 'Free parking', 'ko': '건물 내 무료 주차 가능'}, 'isChecked': True, 'sfsIconUrl': 'https://s3.ap-northeast-2.amazonaws.com/bfzido/images/facilities_icon/', 'sfsSortNum': 6, 'sfsIconName': 'icon_parking.png', 'sfsIsEnabled': 'Y', 'sfsRegDatetime': '2018-06-28 18:30:00'}, {'sfsSeq': 15, 'sfsDesc': {'en': 'The Internet connection is stable', 'ko': '해당 장소에서 인터넷이 끊임없이 연결'}, 'sfsName': {'en': 'Wifi zone', 'ko': '무료 무선 인터넷 가능'}, 'isChecked': True, 'sfsIconUrl': 'https://s3.ap-northeast-2.amazonaws.com/bfzido/images/facilities_icon/', 'sfsSortNum': 7, 'sfsIconName': 'icon_wifi.png', 'sfsIsEnabled': 'Y', 'sfsRegDatetime': '2018-06-28 18:30:00'}, {'sfsSeq': 16, 'sfsDesc': [], 'sfsName': {'en': 'Suitable for family / children', 'ko': '가족/어린이 이용에 적합'}, 'isChecked': True, 'sfsIconUrl': 'https://s3.ap-northeast-2.amazonaws.com/bfzido/images/facilities_icon/', 'sfsSortNum': 8, 'sfsIconName': 'icon_people.png', 'sfsIsEnabled': 'Y', 'sfsRegDatetime': '2018-06-28 18:30:00'}]"
98f615889f3c02f6372232b00c9510cc20220110123140,bf,5,세븐일레븐 유성디티비안S점,category9,36.42632614,127.3907172,,대전광역시 유성구 관평동,,3020014600,"{'openDays': ['mon', 'tue', 'wed', 'thu', 'fri', 'sat', 'sun'], 'openTime': '00:00', 'closeTime': '00:00'}","{'openTime': '', 'closeDays': '', 'closeTime': ''}",,,,Y,2,dahyee0218@daum.net,kakaotalk,2022-01-10 12:31,0,0,"[{'sfsSeq': 8, 'sfsDesc': {'en': 'Easily accessible for Wheelchairs.', 'ko': '휠체어 접근이 용이합니다.'}, 'sfsName': {'en': 'Wheelchair accessible', 'ko': '휠체어 접근 가능'}, 'isChecked': True, 'sfsIconUrl': 'https://s3.ap-northeast-2.amazonaws.com/bfzido/images/facilities_icon/', 'sfsSortNum': 0, 'sfsIconName': 'icon_disabled.png', 'sfsIsEnabled': 'Y', 'sfsRegDatetime': '2018-06-28 18:30:00'}, {'sfsSeq': 9, 'sfsDesc': [], 'sfsName': {'en': 'The place is on the first floor.', 'ko': '해당 장소가 1층에 위치함'}, 'isChecked': True, 'sfsIconUrl': 'https://s3.ap-northeast-2.amazonaws.com/bfzido/images/facilities_icon/', 'sfsSortNum': 1, 'sfsIconName': 'icon_groundfloor.png', 'sfsIsEnabled': 'Y', 'sfsRegDatetime': '2018-06-28 18:30:00'}, {'sfsSeq': 10, 'sfsDesc': [], 'sfsName': {'en': 'Disabled toilet available', 'ko': '장애인 화장실 있음'}, 'isChecked': True, 'sfsIconUrl': 'https://s3.ap-northeast-2.amazonaws.com/bfzido/images/facilities_icon/', 'sfsSortNum': 2, 'sfsIconName': 'icon_restroom.png', 'sfsIsEnabled': 'Y', 'sfsRegDatetime': '2018-06-28 18:30:00'}, {'sfsSeq': 11, 'sfsDesc': [], 'sfsName': {'en': 'Pet helpers allowed', 'ko': '애완견/도우미견 출입가능'}, 'isChecked': True, 'sfsIconUrl': 'https://s3.ap-northeast-2.amazonaws.com/bfzido/images/facilities_icon/', 'sfsSortNum': 3, 'sfsIconName': 'icon_pet.png', 'sfsIsEnabled': 'Y', 'sfsRegDatetime': '2018-06-28 18:30:00'}, {'sfsSeq': 12, 'sfsDesc': [], 'sfsName': {'en': 'Elevator for the disabled', 'ko': '장애인 엘리베이터 있음'}, 'isChecked': True, 'sfsIconUrl': 'https://s3.ap-northeast-2.amazonaws.com/bfzido/images/facilities_icon/', 'sfsSortNum': 4, 'sfsIconName': 'icon_disabledelevator.png', 'sfsIsEnabled': 'Y', 'sfsRegDatetime': '2018-06-28 18:30:00'}, {'sfsSeq': 13, 'sfsDesc': {'en': 'There must be no stairs on the way to the elevator, and the width of the elevator entrance must be at least 32 inches / 81 cm.', 'ko': '엘리베이터까지 이동하는데 계단이 없어야하며, 엘리베이터 입구의 가로 길이가 최소 32인치/81cm이어야 합니다.'}, 'sfsName': {'en': 'Elevator', 'ko': '엘리베이터 있음'}, 'isChecked': True, 'sfsIconUrl': 'https://s3.ap-northeast-2.amazonaws.com/bfzido/images/facilities_icon/', 'sfsSortNum': 5, 'sfsIconName': 'icon_elevator.png', 'sfsIsEnabled': 'Y', 'sfsRegDatetime': '2018-06-28 18:30:00'}, {'sfsSeq': 15, 'sfsDesc': {'en': 'The Internet connection is stable', 'ko': '해당 장소에서 인터넷이 끊임없이 연결'}, 'sfsName': {'en': 'Wifi zone', 'ko': '무료 무선 인터넷 가능'}, 'isChecked': True, 'sfsIconUrl': 'https://s3.ap-northeast-2.amazonaws.com/bfzido/images/facilities_icon/', 'sfsSortNum': 7, 'sfsIconName': 'icon_wifi.png', 'sfsIsEnabled': 'Y', 'sfsRegDatetime': '2018-06-28 18:30:00'}, {'sfsSeq': 16, 'sfsDesc': [], 'sfsName': {'en': 'Suitable for family / children', 'ko': '가족/어린이 이용에 적합'}, 'isChecked': True, 'sfsIconUrl': 'https://s3.ap-northeast-2.amazonaws.com/bfzido/images/facilities_icon/', 'sfsSortNum': 8, 'sfsIconName': 'icon_people.png', 'sfsIsEnabled': 'Y', 'sfsRegDatetime': '2018-06-28 18:30:00'}]"
f59eceae7c4315fc89d5718060f2be7c20220110122050,bf,5,던킨 대전관평점,category1,36.42588359,127.3910161,,대전광역시 유성구 관평동,,3020014600,"{'openDays': ['mon', 'tue', 'wed', 'thu', 'fri', 'sat', 'sun'], 'openTime': '08:00', 'closeTime': '22:00'}","{'openTime': '', 'closeDays': '', 'closeTime': ''}",,,,Y,2,dahyee0218@daum.net,kakaotalk,2022-01-10 12:20,0,0,"[{'sfsSeq': 8, 'sfsDesc': {'en': 'Easily accessible for Wheelchairs.', 'ko': '휠체어 접근이 용이합니다.'}, 'sfsName': {'en': 'Wheelchair accessible', 'ko': '휠체어 접근 가능'}, 'isChecked': True, 'sfsIconUrl': 'https://s3.ap-northeast-2.amazonaws.com/bfzido/images/facilities_icon/', 'sfsSortNum': 0, 'sfsIconName': 'icon_disabled.png', 'sfsIsEnabled': 'Y', 'sfsRegDatetime': '2018-06-28 18:30:00'}, {'sfsSeq': 9, 'sfsDesc': [], 'sfsName': {'en': 'The place is on the first floor.', 'ko': '해당 장소가 1층에 위치함'}, 'isChecked': True, 'sfsIconUrl': 'https://s3.ap-northeast-2.amazonaws.com/bfzido/images/facilities_icon/', 'sfsSortNum': 1, 'sfsIconName': 'icon_groundfloor.png', 'sfsIsEnabled': 'Y', 'sfsRegDatetime': '2018-06-28 18:30:00'}, {'sfsSeq': 12, 'sfsDesc': [], 'sfsName': {'en': 'Elevator for the disabled', 'ko': '장애인 엘리베이터 있음'}, 'isChecked': True, 'sfsIconUrl': 'https://s3.ap-northeast-2.amazonaws.com/bfzido/images/facilities_icon/', 'sfsSortNum': 4, 'sfsIconName': 'icon_disabledelevator.png', 'sfsIsEnabled': 'Y', 'sfsRegDatetime': '2018-06-28 18:30:00'}, {'sfsSeq': 13, 'sfsDesc': {'en': 'There must be no stairs on the way to the elevator, and the width of the elevator entrance must be at least 32 inches / 81 cm.', 'ko': '엘리베이터까지 이동하는데 계단이 없어야하며, 엘리베이터 입구의 가로 길이가 최소 32인치/81cm이어야 합니다.'}, 'sfsName': {'en': 'Elevator', 'ko': '엘리베이터 있음'}, 'isChecked': True, 'sfsIconUrl': 'https://s3.ap-northeast-2.amazonaws.com/bfzido/images/facilities_icon/', 'sfsSortNum': 5, 'sfsIconName': 'icon_elevator.png', 'sfsIsEnabled': 'Y', 'sfsRegDatetime': '2018-06-28 18:30:00'}, {'sfsSeq': 15, 'sfsDesc': {'en': 'The Internet connection is stable', 'ko': '해당 장소에서 인터넷이 끊임없이 연결'}, 'sfsName': {'en': 'Wifi zone', 'ko': '무료 무선 인터넷 가능'}, 'isChecked': True, 'sfsIconUrl': 'https://s3.ap-northeast-2.amazonaws.com/bfzido/images/facilities_icon/', 'sfsSortNum': 7, 'sfsIconName': 'icon_wifi.png', 'sfsIsEnabled': 'Y', 'sfsRegDatetime': '2018-06-28 18:30:00'}, {'sfsSeq': 16, 'sfsDesc': [], 'sfsName': {'en': 'Suitable for family / children', 'ko': '가족/어린이 이용에 적합'}, 'isChecked': True, 'sfsIconUrl': 'https://s3.ap-northeast-2.amazonaws.com/bfzido/images/facilities_icon/', 'sfsSortNum': 8, 'sfsIconName': 'icon_people.png', 'sfsIsEnabled': 'Y', 'sfsRegDatetime': '2018-06-28 18:30:00'}]"
7c5a7c3df88804b885706ff768b7016c20220102125929,bf,5,배스킨라빈스 대전터미널서관,category1,36.35034082,127.4371851,,대전광역시 동구 용전동,,3011011500,"{'openDays': ['mon', 'tue', 'wed', 'thu', 'fri', 'sat', 'sun'], 'openTime': '10:00', 'closeTime': '23:00'}","{'openTime': '', 'closeDays': '', 'closeTime': ''}",,426223101,,Y,2,junmin5@naver.com,email,2022-01-02 12:59,0,0,"[{'sfsSeq': 8, 'sfsDesc': {'en': 'Easily accessible for Wheelchairs.', 'ko': '휠체어 접근이 용이합니다.'}, 'sfsName': {'en': 'Wheelchair accessible', 'ko': '휠체어 접근 가능'}, 'isChecked': True, 'sfsIconUrl': 'https://s3.ap-northeast-2.amazonaws.com/bfzido/images/facilities_icon/', 'sfsSortNum': 0, 'sfsIconName': 'icon_disabled.png', 'sfsIsEnabled': 'Y', 'sfsRegDatetime': '2018-06-28 18:30:00'}, {'sfsSeq': 9, 'sfsDesc': [], 'sfsName': {'en': 'The place is on the first floor.', 'ko': '해당 장소가 1층에 위치함'}, 'isChecked': True, 'sfsIconUrl': 'https://s3.ap-northeast-2.amazonaws.com/bfzido/images/facilities_icon/', 'sfsSortNum': 1, 'sfsIconName': 'icon_groundfloor.png', 'sfsIsEnabled': 'Y', 'sfsRegDatetime': '2018-06-28 18:30:00'}, {'sfsSeq': 10, 'sfsDesc': [], 'sfsName': {'en': 'Disabled toilet available', 'ko': '장애인 화장실 있음'}, 'isChecked': True, 'sfsIconUrl': 'https://s3.ap-northeast-2.amazonaws.com/bfzido/images/facilities_icon/', 'sfsSortNum': 2, 'sfsIconName': 'icon_restroom.png', 'sfsIsEnabled': 'Y', 'sfsRegDatetime': '2018-06-28 18:30:00'}, {'sfsSeq': 11, 'sfsDesc': [], 'sfsName': {'en': 'Pet helpers allowed', 'ko': '애완견/도우미견 출입가능'}, 'isChecked': True, 'sfsIconUrl': 'https://s3.ap-northeast-2.amazonaws.com/bfzido/images/facilities_icon/', 'sfsSortNum': 3, 'sfsIconName': 'icon_pet.png', 'sfsIsEnabled': 'Y', 'sfsRegDatetime': '2018-06-28 18:30:00'}, {'sfsSeq': 12, 'sfsDesc': [], 'sfsName': {'en': 'Elevator for the disabled', 'ko': '장애인 엘리베이터 있음'}, 'isChecked': True, 'sfsIconUrl': 'https://s3.ap-northeast-2.amazonaws.com/bfzido/images/facilities_icon/', 'sfsSortNum': 4, 'sfsIconName': 'icon_disabledelevator.png', 'sfsIsEnabled': 'Y', 'sfsRegDatetime': '2018-06-28 18:30:00'}, {'sfsSeq': 13, 'sfsDesc': {'en': 'There must be no stairs on the way to the elevator, and the width of the elevator entrance must be at least 32 inches / 81 cm.', 'ko': '엘리베이터까지 이동하는데 계단이 없어야하며, 엘리베이터 입구의 가로 길이가 최소 32인치/81cm이어야 합니다.'}, 'sfsName': {'en': 'Elevator', 'ko': '엘리베이터 있음'}, 'isChecked': True, 'sfsIconUrl': 'https://s3.ap-northeast-2.amazonaws.com/bfzido/images/facilities_icon/', 'sfsSortNum': 5, 'sfsIconName': 'icon_elevator.png', 'sfsIsEnabled': 'Y', 'sfsRegDatetime': '2018-06-28 18:30:00'}, {'sfsSeq': 14, 'sfsDesc': [], 'sfsName': {'en': 'Free parking', 'ko': '건물 내 무료 주차 가능'}, 'isChecked': True, 'sfsIconUrl': 'https://s3.ap-northeast-2.amazonaws.com/bfzido/images/facilities_icon/', 'sfsSortNum': 6, 'sfsIconName': 'icon_parking.png', 'sfsIsEnabled': 'Y', 'sfsRegDatetime': '2018-06-28 18:30:00'}, {'sfsSeq': 15, 'sfsDesc': {'en': 'The Internet connection is stable', 'ko': '해당 장소에서 인터넷이 끊임없이 연결'}, 'sfsName': {'en': 'Wifi zone', 'ko': '무료 무선 인터넷 가능'}, 'isChecked': True, 'sfsIconUrl': 'https://s3.ap-northeast-2.amazonaws.com/bfzido/images/facilities_icon/', 'sfsSortNum': 7, 'sfsIconName': 'icon_wifi.png', 'sfsIsEnabled': 'Y', 'sfsRegDatetime': '2018-06-28 18:30:00'}, {'sfsSeq': 16, 'sfsDesc': [], 'sfsName': {'en': 'Suitable for family / children', 'ko': '가족/어린이 이용에 적합'}, 'isChecked': True, 'sfsIconUrl': 'https://s3.ap-northeast-2.amazonaws.com/bfzido/images/facilities_icon/', 'sfsSortNum': 8, 'sfsIconName': 'icon_people.png', 'sfsIsEnabled': 'Y', 'sfsRegDatetime': '2018-06-28 18:30:00'}]"
bbc0fc647013c73a34110e89bec255d120220102123059,bf,5,마라공방 도룡점,category1,36.37516979,127.3953144,,대전광역시 유성구 도룡동,,3020012700,"{'openDays': ['mon', 'tue', 'wed', 'thu', 'fri', 'sat'], 'openTime': '11:00', 'closeTime': '22:00'}","{'openTime': '', 'closeDays': '', 'closeTime': ''}",,50713025334,,Y,4,junmin5@naver.com,email,2022-01-02 12:30,0,0,"[{'sfsSeq': 8, 'sfsDesc': {'en': 'Easily accessible for Wheelchairs.', 'ko': '휠체어 접근이 용이합니다.'}, 'sfsName': {'en': 'Wheelchair accessible', 'ko': '휠체어 접근 가능'}, 'isChecked': True, 'sfsIconUrl': 'https://s3.ap-northeast-2.amazonaws.com/bfzido/images/facilities_icon/', 'sfsSortNum': 0, 'sfsIconName': 'icon_disabled.png', 'sfsIsEnabled': 'Y', 'sfsRegDatetime': '2018-06-28 18:30:00'}, {'sfsSeq': 10, 'sfsDesc': [], 'sfsName': {'en': 'Disabled toilet available', 'ko': '장애인 화장실 있음'}, 'isChecked': True, 'sfsIconUrl': 'https://s3.ap-northeast-2.amazonaws.com/bfzido/images/facilities_icon/', 'sfsSortNum': 2, 'sfsIconName': 'icon_restroom.png', 'sfsIsEnabled': 'Y', 'sfsRegDatetime': '2018-06-28 18:30:00'}, {'sfsSeq': 12, 'sfsDesc': [], 'sfsName': {'en': 'Elevator for the disabled', 'ko': '장애인 엘리베이터 있음'}, 'isChecked': True, 'sfsIconUrl': 'https://s3.ap-northeast-2.amazonaws.com/bfzido/images/facilities_icon/', 'sfsSortNum': 4, 'sfsIconName': 'icon_disabledelevator.png', 'sfsIsEnabled': 'Y', 'sfsRegDatetime': '2018-06-28 18:30:00'}, {'sfsSeq': 13, 'sfsDesc': {'en': 'There must be no stairs on the way to the elevator, and the width of the elevator entrance must be at least 32 inches / 81 cm.', 'ko': '엘리베이터까지 이동하는데 계단이 없어야하며, 엘리베이터 입구의 가로 길이가 최소 32인치/81cm이어야 합니다.'}, 'sfsName': {'en': 'Elevator', 'ko': '엘리베이터 있음'}, 'isChecked': True, 'sfsIconUrl': 'https://s3.ap-northeast-2.amazonaws.com/bfzido/images/facilities_icon/', 'sfsSortNum': 5, 'sfsIconName': 'icon_elevator.png', 'sfsIsEnabled': 'Y', 'sfsRegDatetime': '2018-06-28 18:30:00'}, {'sfsSeq': 14, 'sfsDesc': [], 'sfsName': {'en': 'Free parking', 'ko': '건물 내 무료 주차 가능'}, 'isChecked': True, 'sfsIconUrl': 'https://s3.ap-northeast-2.amazonaws.com/bfzido/images/facilities_icon/', 'sfsSortNum': 6, 'sfsIconName': 'icon_parking.png', 'sfsIsEnabled': 'Y', 'sfsRegDatetime': '2018-06-28 18:30:00'}, {'sfsSeq': 15, 'sfsDesc': {'en': 'The Internet connection is stable', 'ko': '해당 장소에서 인터넷이 끊임없이 연결'}, 'sfsName': {'en': 'Wifi zone', 'ko': '무료 무선 인터넷 가능'}, 'isChecked': True, 'sfsIconUrl': 'https://s3.ap-northeast-2.amazonaws.com/bfzido/images/facilities_icon/', 'sfsSortNum': 7, 'sfsIconName': 'icon_wifi.png', 'sfsIsEnabled': 'Y', 'sfsRegDatetime': '2018-06-28 18:30:00'}, {'sfsSeq': 16, 'sfsDesc': [], 'sfsName': {'en': 'Suitable for family / children', 'ko': '가족/어린이 이용에 적합'}, 'isChecked': True, 'sfsIconUrl': 'https://s3.ap-northeast-2.amazonaws.com/bfzido/images/facilities_icon/', 'sfsSortNum': 8, 'sfsIconName': 'icon_people.png', 'sfsIsEnabled': 'Y', 'sfsRegDatetime': '2018-06-28 18:30:00'}]"
22b028e99b71b6d14ce83c531eaed3c420211209222209,bf,5,느리울 마을 12단지,category4,36.2982102,127.3428897,,대전광역시 서구 관저동,,3017011600,"{'openDays': '', 'openTime': '', 'closeTime': ''}","{'openTime': '', 'closeDays': '', 'closeTime': ''}",,,,Y,3,111111thfl@kakao.com,kakaotalk,2021-12-09 22:22,0,0,"[{'sfsSeq': 8, 'sfsDesc': {'en': 'Easily accessible for Wheelchairs.', 'ko': '휠체어 접근이 용이합니다.'}, 'sfsName': {'en': 'Wheelchair accessible', 'ko': '휠체어 접근 가능'}, 'isChecked': True, 'sfsIconUrl': 'https://s3.ap-northeast-2.amazonaws.com/bfzido/images/facilities_icon/', 'sfsSortNum': 0, 'sfsIconName': 'icon_disabled.png', 'sfsIsEnabled': 'Y', 'sfsRegDatetime': '2018-06-28 18:30:00'}, {'sfsSeq': 9, 'sfsDesc': [], 'sfsName': {'en': 'The place is on the first floor.', 'ko': '해당 장소가 1층에 위치함'}, 'isChecked': True, 'sfsIconUrl': 'https://s3.ap-northeast-2.amazonaws.com/bfzido/images/facilities_icon/', 'sfsSortNum': 1, 'sfsIconName': 'icon_groundfloor.png', 'sfsIsEnabled': 'Y', 'sfsRegDatetime': '2018-06-28 18:30:00'}, {'sfsSeq': 11, 'sfsDesc': [], 'sfsName': {'en': 'Pet helpers allowed', 'ko': '애완견/도우미견 출입가능'}, 'isChecked': True, 'sfsIconUrl': 'https://s3.ap-northeast-2.amazonaws.com/bfzido/images/facilities_icon/', 'sfsSortNum': 3, 'sfsIconName': 'icon_pet.png', 'sfsIsEnabled': 'Y', 'sfsRegDatetime': '2018-06-28 18:30:00'}, {'sfsSeq': 13, 'sfsDesc': {'en': 'There must be no stairs on the way to the elevator, and the width of the elevator entrance must be at least 32 inches / 81 cm.', 'ko': '엘리베이터까지 이동하는데 계단이 없어야하며, 엘리베이터 입구의 가로 길이가 최소 32인치/81cm이어야 합니다.'}, 'sfsName': {'en': 'Elevator', 'ko': '엘리베이터 있음'}, 'isChecked': True, 'sfsIconUrl': 'https://s3.ap-northeast-2.amazonaws.com/bfzido/images/facilities_icon/', 'sfsSortNum': 5, 'sfsIconName': 'icon_elevator.png', 'sfsIsEnabled': 'Y', 'sfsRegDatetime': '2018-06-28 18:30:00'}, {'sfsSeq': 14, 'sfsDesc': [], 'sfsName': {'en': 'Free parking', 'ko': '건물 내 무료 주차 가능'}, 'isChecked': True, 'sfsIconUrl': 'https://s3.ap-northeast-2.amazonaws.com/bfzido/images/facilities_icon/', 'sfsSortNum': 6, 'sfsIconName': 'icon_parking.png', 'sfsIsEnabled': 'Y', 'sfsRegDatetime': '2018-06-28 18:30:00'}, {'sfsSeq': 16, 'sfsDesc': [], 'sfsName': {'en': 'Suitable for family / children', 'ko': '가족/어린이 이용에 적합'}, 'isChecked': True, 'sfsIconUrl': 'https://s3.ap-northeast-2.amazonaws.com/bfzido/images/facilities_icon/', 'sfsSortNum': 8, 'sfsIconName': 'icon_people.png', 'sfsIsEnabled': 'Y', 'sfsRegDatetime': '2018-06-28 18:30:00'}]"
9890bfbb107b6e060fd4eb9c88127b8420211209043924,bf,5,모퉁이어린이도서관,category5,36.39528015,127.4051682,,대전광역시 유성구 문지동,,3020014000,"{'openDays': ['mon', 'tue', 'wed', 'thu', 'fri', 'sat'], 'openTime': '10:00', 'closeTime': '18:00'}","{'openTime': '', 'closeDays': '', 'closeTime': ''}","일요일, 공휴일 휴무",428616296,,Y,3,junmin5@naver.com,email,2021-12-09 4:39,0,0,"[{'sfsSeq': 8, 'sfsDesc': {'en': 'Easily accessible for Wheelchairs.', 'ko': '휠체어 접근이 용이합니다.'}, 'sfsName': {'en': 'Wheelchair accessible', 'ko': '휠체어 접근 가능'}, 'isChecked': True, 'sfsIconUrl': 'https://s3.ap-northeast-2.amazonaws.com/bfzido/images/facilities_icon/', 'sfsSortNum': 0, 'sfsIconName': 'icon_disabled.png', 'sfsIsEnabled': 'Y', 'sfsRegDatetime': '2018-06-28 18:30:00'}, {'sfsSeq': 9, 'sfsDesc': [], 'sfsName': {'en': 'The place is on the first floor.', 'ko': '해당 장소가 1층에 위치함'}, 'isChecked': True, 'sfsIconUrl': 'https://s3.ap-northeast-2.amazonaws.com/bfzido/images/facilities_icon/', 'sfsSortNum': 1, 'sfsIconName': 'icon_groundfloor.png', 'sfsIsEnabled': 'Y', 'sfsRegDatetime': '2018-06-28 18:30:00'}, {'sfsSeq': 10, 'sfsDesc': [], 'sfsName': {'en': 'Disabled toilet available', 'ko': '장애인 화장실 있음'}, 'isChecked': True, 'sfsIconUrl': 'https://s3.ap-northeast-2.amazonaws.com/bfzido/images/facilities_icon/', 'sfsSortNum': 2, 'sfsIconName': 'icon_restroom.png', 'sfsIsEnabled': 'Y', 'sfsRegDatetime': '2018-06-28 18:30:00'}, {'sfsSeq': 13, 'sfsDesc': {'en': 'There must be no stairs on the way to the elevator, and the width of the elevator entrance must be at least 32 inches / 81 cm.', 'ko': '엘리베이터까지 이동하는데 계단이 없어야하며, 엘리베이터 입구의 가로 길이가 최소 32인치/81cm이어야 합니다.'}, 'sfsName': {'en': 'Elevator', 'ko': '엘리베이터 있음'}, 'isChecked': True, 'sfsIconUrl': 'https://s3.ap-northeast-2.amazonaws.com/bfzido/images/facilities_icon/', 'sfsSortNum': 5, 'sfsIconName': 'icon_elevator.png', 'sfsIsEnabled': 'Y', 'sfsRegDatetime': '2018-06-28 18:30:00'}, {'sfsSeq': 14, 'sfsDesc': [], 'sfsName': {'en': 'Free parking', 'ko': '건물 내 무료 주차 가능'}, 'isChecked': True, 'sfsIconUrl': 'https://s3.ap-northeast-2.amazonaws.com/bfzido/images/facilities_icon/', 'sfsSortNum': 6, 'sfsIconName': 'icon_parking.png', 'sfsIsEnabled': 'Y', 'sfsRegDatetime': '2018-06-28 18:30:00'}, {'sfsSeq': 15, 'sfsDesc': {'en': 'The Internet connection is stable', 'ko': '해당 장소에서 인터넷이 끊임없이 연결'}, 'sfsName': {'en': 'Wifi zone', 'ko': '무료 무선 인터넷 가능'}, 'isChecked': True, 'sfsIconUrl': 'https://s3.ap-northeast-2.amazonaws.com/bfzido/images/facilities_icon/', 'sfsSortNum': 7, 'sfsIconName': 'icon_wifi.png', 'sfsIsEnabled': 'Y', 'sfsRegDatetime': '2018-06-28 18:30:00'}, {'sfsSeq': 16, 'sfsDesc': [], 'sfsName': {'en': 'Suitable for family / children', 'ko': '가족/어린이 이용에 적합'}, 'isChecked': True, 'sfsIconUrl': 'https://s3.ap-northeast-2.amazonaws.com/bfzido/images/facilities_icon/', 'sfsSortNum': 8, 'sfsIconName': 'icon_people.png', 'sfsIsEnabled': 'Y', 'sfsRegDatetime': '2018-06-28 18:30:00'}]"
cbc9078eb4536cec792e2d207e1f393820211126083321,bf,5,초록마을 전민점,category7,36.39985335,127.4072208,,대전광역시 유성구 전민동,,3020014100,"{'openDays': ['mon', 'tue', 'wed', 'thu', 'fri', 'sat', 'sun'], 'openTime': '10:00', 'closeTime': '21:00'}","{'openTime': '', 'closeDays': '', 'closeTime': ''}",일요일만 저녁 8시에 문닫아요!,428626225,,Y,0,junmin5@naver.com,email,2021-11-26 8:33,0,0,"[{'sfsSeq': 8, 'sfsDesc': {'en': 'Easily accessible for Wheelchairs.', 'ko': '휠체어 접근이 용이합니다.'}, 'sfsName': {'en': 'Wheelchair accessible', 'ko': '휠체어 접근 가능'}, 'isChecked': True, 'sfsIconUrl': 'https://s3.ap-northeast-2.amazonaws.com/bfzido/images/facilities_icon/', 'sfsSortNum': 0, 'sfsIconName': 'icon_disabled.png', 'sfsIsEnabled': 'Y', 'sfsRegDatetime': '2018-06-28 18:30:00'}, {'sfsSeq': 9, 'sfsDesc': [], 'sfsName': {'en': 'The place is on the first floor.', 'ko': '해당 장소가 1층에 위치함'}, 'isChecked': True, 'sfsIconUrl': 'https://s3.ap-northeast-2.amazonaws.com/bfzido/images/facilities_icon/', 'sfsSortNum': 1, 'sfsIconName': 'icon_groundfloor.png', 'sfsIsEnabled': 'Y', 'sfsRegDatetime': '2018-06-28 18:30:00'}, {'sfsSeq': 16, 'sfsDesc': [], 'sfsName': {'en': 'Suitable for family / children', 'ko': '가족/어린이 이용에 적합'}, 'isChecked': True, 'sfsIconUrl': 'https://s3.ap-northeast-2.amazonaws.com/bfzido/images/facilities_icon/', 'sfsSortNum': 8, 'sfsIconName': 'icon_people.png', 'sfsIsEnabled': 'Y', 'sfsRegDatetime': '2018-06-28 18:30:00'}]"
14c24ba13e860cfa31bc909415f4b31220211126063931,bf,5,전민동 행정복지센터,category5,36.39997557,127.4003922,,대전광역시 유성구 전민동,,3020014100,"{'openDays': ['mon', 'tue', 'wed', 'thu', 'fri'], 'openTime': '09:00', 'closeTime': '18:00'}","{'openTime': '', 'closeDays': '', 'closeTime': ''}",,426116800,,Y,14,junmin5@naver.com,email,2021-11-26 6:39,0,0,"[{'sfsSeq': 8, 'sfsDesc': {'en': 'Easily accessible for Wheelchairs.', 'ko': '휠체어 접근이 용이합니다.'}, 'sfsName': {'en': 'Wheelchair accessible', 'ko': '휠체어 접근 가능'}, 'isChecked': True, 'sfsIconUrl': 'https://s3.ap-northeast-2.amazonaws.com/bfzido/images/facilities_icon/', 'sfsSortNum': 0, 'sfsIconName': 'icon_disabled.png', 'sfsIsEnabled': 'Y', 'sfsRegDatetime': '2018-06-28 18:30:00'}, {'sfsSeq': 9, 'sfsDesc': [], 'sfsName': {'en': 'The place is on the first floor.', 'ko': '해당 장소가 1층에 위치함'}, 'isChecked': True, 'sfsIconUrl': 'https://s3.ap-northeast-2.amazonaws.com/bfzido/images/facilities_icon/', 'sfsSortNum': 1, 'sfsIconName': 'icon_groundfloor.png', 'sfsIsEnabled': 'Y', 'sfsRegDatetime': '2018-06-28 18:30:00'}, {'sfsSeq': 10, 'sfsDesc': [], 'sfsName': {'en': 'Disabled toilet available', 'ko': '장애인 화장실 있음'}, 'isChecked': True, 'sfsIconUrl': 'https://s3.ap-northeast-2.amazonaws.com/bfzido/images/facilities_icon/', 'sfsSortNum': 2, 'sfsIconName': 'icon_restroom.png', 'sfsIsEnabled': 'Y', 'sfsRegDatetime': '2018-06-28 18:30:00'}, {'sfsSeq': 11, 'sfsDesc': [], 'sfsName': {'en': 'Pet helpers allowed', 'ko': '애완견/도우미견 출입가능'}, 'isChecked': True, 'sfsIconUrl': 'https://s3.ap-northeast-2.amazonaws.com/bfzido/images/facilities_icon/', 'sfsSortNum': 3, 'sfsIconName': 'icon_pet.png', 'sfsIsEnabled': 'Y', 'sfsRegDatetime': '2018-06-28 18:30:00'}, {'sfsSeq': 13, 'sfsDesc': {'en': 'There must be no stairs on the way to the elevator, and the width of the elevator entrance must be at least 32 inches / 81 cm.', 'ko': '엘리베이터까지 이동하는데 계단이 없어야하며, 엘리베이터 입구의 가로 길이가 최소 32인치/81cm이어야 합니다.'}, 'sfsName': {'en': 'Elevator', 'ko': '엘리베이터 있음'}, 'isChecked': True, 'sfsIconUrl': 'https://s3.ap-northeast-2.amazonaws.com/bfzido/images/facilities_icon/', 'sfsSortNum': 5, 'sfsIconName': 'icon_elevator.png', 'sfsIsEnabled': 'Y', 'sfsRegDatetime': '2018-06-28 18:30:00'}, {'sfsSeq': 14, 'sfsDesc': [], 'sfsName': {'en': 'Free parking', 'ko': '건물 내 무료 주차 가능'}, 'isChecked': True, 'sfsIconUrl': 'https://s3.ap-northeast-2.amazonaws.com/bfzido/images/facilities_icon/', 'sfsSortNum': 6, 'sfsIconName': 'icon_parking.png', 'sfsIsEnabled': 'Y', 'sfsRegDatetime': '2018-06-28 18:30:00'}, {'sfsSeq': 15, 'sfsDesc': {'en': 'The Internet connection is stable', 'ko': '해당 장소에서 인터넷이 끊임없이 연결'}, 'sfsName': {'en': 'Wifi zone', 'ko': '무료 무선 인터넷 가능'}, 'isChecked': True, 'sfsIconUrl': 'https://s3.ap-northeast-2.amazonaws.com/bfzido/images/facilities_icon/', 'sfsSortNum': 7, 'sfsIconName': 'icon_wifi.png', 'sfsIsEnabled': 'Y', 'sfsRegDatetime': '2018-06-28 18:30:00'}, {'sfsSeq': 16, 'sfsDesc': [], 'sfsName': {'en': 'Suitable for family / children', 'ko': '가족/어린이 이용에 적합'}, 'isChecked': True, 'sfsIconUrl': 'https://s3.ap-northeast-2.amazonaws.com/bfzido/images/facilities_icon/', 'sfsSortNum': 8, 'sfsIconName': 'icon_people.png', 'sfsIsEnabled': 'Y', 'sfsRegDatetime': '2018-06-28 18:30:00'}]"
04070d9354b56491fa937a7b3490720c20211022021949,bf,5,미소약국,category2,36.3464807,127.3363185,,대전광역시 서구 갈마로245,,3020011500,"{'openDays': ['mon', 'tue', 'wed', 'thu', 'fri', 'sat'], 'openTime': '09:00', 'closeTime': '18:00'}","{'openTime': '', 'closeDays': '', 'closeTime': ''}",토요일은 1까지,425286688,,Y,3,jh01279@naver.com,kakaotalk,2021-10-22 2:19,0,0,"[{'sfsSeq': 8, 'sfsDesc': {'en': 'Easily accessible for Wheelchairs.', 'ko': '휠체어 접근이 용이합니다.'}, 'sfsName': {'en': 'Wheelchair accessible', 'ko': '휠체어 접근 가능'}, 'isChecked': True, 'sfsIconUrl': 'https://s3.ap-northeast-2.amazonaws.com/bfzido/images/facilities_icon/', 'sfsSortNum': 0, 'sfsIconName': 'icon_disabled.png', 'sfsIsEnabled': 'Y', 'sfsRegDatetime': '2018-06-28 18:30:00'}, {'sfsSeq': 9, 'sfsDesc': [], 'sfsName': {'en': 'The place is on the first floor.', 'ko': '해당 장소가 1층에 위치함'}, 'isChecked': True, 'sfsIconUrl': 'https://s3.ap-northeast-2.amazonaws.com/bfzido/images/facilities_icon/', 'sfsSortNum': 1, 'sfsIconName': 'icon_groundfloor.png', 'sfsIsEnabled': 'Y', 'sfsRegDatetime': '2018-06-28 18:30:00'}, {'sfsSeq': 11, 'sfsDesc': [], 'sfsName': {'en': 'Pet helpers allowed', 'ko': '애완견/도우미견 출입가능'}, 'isChecked': True, 'sfsIconUrl': 'https://s3.ap-northeast-2.amazonaws.com/bfzido/images/facilities_icon/', 'sfsSortNum': 3, 'sfsIconName': 'icon_pet.png', 'sfsIsEnabled': 'Y', 'sfsRegDatetime': '2018-06-28 18:30:00'}, {'sfsSeq': 14, 'sfsDesc': [], 'sfsName': {'en': 'Free parking', 'ko': '건물 내 무료 주차 가능'}, 'isChecked': True, 'sfsIconUrl': 'https://s3.ap-northeast-2.amazonaws.com/bfzido/images/facilities_icon/', 'sfsSortNum': 6, 'sfsIconName': 'icon_parking.png', 'sfsIsEnabled': 'Y', 'sfsRegDatetime': '2018-06-28 18:30:00'}, {'sfsSeq': 16, 'sfsDesc': [], 'sfsName': {'en': 'Suitable for family / children', 'ko': '가족/어린이 이용에 적합'}, 'isChecked': True, 'sfsIconUrl': 'https://s3.ap-northeast-2.amazonaws.com/bfzido/images/facilities_icon/', 'sfsSortNum': 8, 'sfsIconName': 'icon_people.png', 'sfsIsEnabled': 'Y', 'sfsRegDatetime': '2018-06-28 18:30:00'}]"
812bbe31b50ba92c67b6af38093a4bc120211021030226,bf,5,프라자약국,category2,36.3047541,127.3505077,,대전광역시 서구 계백로1141,,3017011500,"{'openDays': ['mon', 'tue', 'wed', 'thu', 'fri', 'sat'], 'openTime': '08:30', 'closeTime': '20:30'}","{'openTime': '', 'closeDays': '', 'closeTime': ''}",토요일 5시까지,425433132,,Y,5,jh01279@naver.com,kakaotalk,2021-10-21 3:02,0,0,"[{'sfsSeq': 8, 'sfsDesc': {'en': 'Easily accessible for Wheelchairs.', 'ko': '휠체어 접근이 용이합니다.'}, 'sfsName': {'en': 'Wheelchair accessible', 'ko': '휠체어 접근 가능'}, 'isChecked': True, 'sfsIconUrl': 'https://s3.ap-northeast-2.amazonaws.com/bfzido/images/facilities_icon/', 'sfsSortNum': 0, 'sfsIconName': 'icon_disabled.png', 'sfsIsEnabled': 'Y', 'sfsRegDatetime': '2018-06-28 18:30:00'}, {'sfsSeq': 9, 'sfsDesc': [], 'sfsName': {'en': 'The place is on the first floor.', 'ko': '해당 장소가 1층에 위치함'}, 'isChecked': True, 'sfsIconUrl': 'https://s3.ap-northeast-2.amazonaws.com/bfzido/images/facilities_icon/', 'sfsSortNum': 1, 'sfsIconName': 'icon_groundfloor.png', 'sfsIsEnabled': 'Y', 'sfsRegDatetime': '2018-06-28 18:30:00'}, {'sfsSeq': 10, 'sfsDesc': [], 'sfsName': {'en': 'Disabled toilet available', 'ko': '장애인 화장실 있음'}, 'isChecked': True, 'sfsIconUrl': 'https://s3.ap-northeast-2.amazonaws.com/bfzido/images/facilities_icon/', 'sfsSortNum': 2, 'sfsIconName': 'icon_restroom.png', 'sfsIsEnabled': 'Y', 'sfsRegDatetime': '2018-06-28 18:30:00'}, {'sfsSeq': 11, 'sfsDesc': [], 'sfsName': {'en': 'Pet helpers allowed', 'ko': '애완견/도우미견 출입가능'}, 'isChecked': True, 'sfsIconUrl': 'https://s3.ap-northeast-2.amazonaws.com/bfzido/images/facilities_icon/', 'sfsSortNum': 3, 'sfsIconName': 'icon_pet.png', 'sfsIsEnabled': 'Y', 'sfsRegDatetime': '2018-06-28 18:30:00'}, {'sfsSeq': 12, 'sfsDesc': [], 'sfsName': {'en': 'Elevator for the disabled', 'ko': '장애인 엘리베이터 있음'}, 'isChecked': True, 'sfsIconUrl': 'https://s3.ap-northeast-2.amazonaws.com/bfzido/images/facilities_icon/', 'sfsSortNum': 4, 'sfsIconName': 'icon_disabledelevator.png', 'sfsIsEnabled': 'Y', 'sfsRegDatetime': '2018-06-28 18:30:00'}, {'sfsSeq': 13, 'sfsDesc': {'en': 'There must be no stairs on the way to the elevator, and the width of the elevator entrance must be at least 32 inches / 81 cm.', 'ko': '엘리베이터까지 이동하는데 계단이 없어야하며, 엘리베이터 입구의 가로 길이가 최소 32인치/81cm이어야 합니다.'}, 'sfsName': {'en': 'Elevator', 'ko': '엘리베이터 있음'}, 'isChecked': True, 'sfsIconUrl': 'https://s3.ap-northeast-2.amazonaws.com/bfzido/images/facilities_icon/', 'sfsSortNum': 5, 'sfsIconName': 'icon_elevator.png', 'sfsIsEnabled': 'Y', 'sfsRegDatetime': '2018-06-28 18:30:00'}, {'sfsSeq': 14, 'sfsDesc': [], 'sfsName': {'en': 'Free parking', 'ko': '건물 내 무료 주차 가능'}, 'isChecked': True, 'sfsIconUrl': 'https://s3.ap-northeast-2.amazonaws.com/bfzido/images/facilities_icon/', 'sfsSortNum': 6, 'sfsIconName': 'icon_parking.png', 'sfsIsEnabled': 'Y', 'sfsRegDatetime': '2018-06-28 18:30:00'}, {'sfsSeq': 16, 'sfsDesc': [], 'sfsName': {'en': 'Suitable for family / children', 'ko': '가족/어린이 이용에 적합'}, 'isChecked': True, 'sfsIconUrl': 'https://s3.ap-northeast-2.amazonaws.com/bfzido/images/facilities_icon/', 'sfsSortNum': 8, 'sfsIconName': 'icon_people.png', 'sfsIsEnabled': 'Y', 'sfsRegDatetime': '2018-06-28 18:30:00'}]"
270a9ced279200db2f19a6a24c00425e20211013024215,bf,5,건양사랑약국,category2,36.3070431,127.3414073,,대전광역시 서구 관저동로164,,3017011600,"{'openDays': ['mon', 'tue', 'wed', 'thu', 'fri', 'sat'], 'openTime': '08:30', 'closeTime': '18:00'}","{'openTime': '', 'closeDays': '', 'closeTime': ''}",토요일 격주영업1시까지,425430561,,Y,7,jh01279@naver.com,kakaotalk,2021-10-13 2:42,0,0,"[{'sfsSeq': 8, 'sfsDesc': {'en': 'Easily accessible for Wheelchairs.', 'ko': '휠체어 접근이 용이합니다.'}, 'sfsName': {'en': 'Wheelchair accessible', 'ko': '휠체어 접근 가능'}, 'isChecked': True, 'sfsIconUrl': 'https://s3.ap-northeast-2.amazonaws.com/bfzido/images/facilities_icon/', 'sfsSortNum': 0, 'sfsIconName': 'icon_disabled.png', 'sfsIsEnabled': 'Y', 'sfsRegDatetime': '2018-06-28 18:30:00'}, {'sfsSeq': 9, 'sfsDesc': [], 'sfsName': {'en': 'The place is on the first floor.', 'ko': '해당 장소가 1층에 위치함'}, 'isChecked': True, 'sfsIconUrl': 'https://s3.ap-northeast-2.amazonaws.com/bfzido/images/facilities_icon/', 'sfsSortNum': 1, 'sfsIconName': 'icon_groundfloor.png', 'sfsIsEnabled': 'Y', 'sfsRegDatetime': '2018-06-28 18:30:00'}, {'sfsSeq': 11, 'sfsDesc': [], 'sfsName': {'en': 'Pet helpers allowed', 'ko': '애완견/도우미견 출입가능'}, 'isChecked': True, 'sfsIconUrl': 'https://s3.ap-northeast-2.amazonaws.com/bfzido/images/facilities_icon/', 'sfsSortNum': 3, 'sfsIconName': 'icon_pet.png', 'sfsIsEnabled': 'Y', 'sfsRegDatetime': '2018-06-28 18:30:00'}, {'sfsSeq': 14, 'sfsDesc': [], 'sfsName': {'en': 'Free parking', 'ko': '건물 내 무료 주차 가능'}, 'isChecked': True, 'sfsIconUrl': 'https://s3.ap-northeast-2.amazonaws.com/bfzido/images/facilities_icon/', 'sfsSortNum': 6, 'sfsIconName': 'icon_parking.png', 'sfsIsEnabled': 'Y', 'sfsRegDatetime': '2018-06-28 18:30:00'}, {'sfsSeq': 16, 'sfsDesc': [], 'sfsName': {'en': 'Suitable for family / children', 'ko': '가족/어린이 이용에 적합'}, 'isChecked': True, 'sfsIconUrl': 'https://s3.ap-northeast-2.amazonaws.com/bfzido/images/facilities_icon/', 'sfsSortNum': 8, 'sfsIconName': 'icon_people.png', 'sfsIsEnabled': 'Y', 'sfsRegDatetime': '2018-06-28 18:30:00'}]"
2e9817deb264a6edcd56053e49bed21720211013023038,bf,5,우리약국,category2,36.3068148,127.3412481,,대전광역시 서구 관저동,,3017011600,"{'openDays': ['mon', 'tue', 'wed', 'thu', 'fri', 'sat'], 'openTime': '08:30', 'closeTime': '18:00'}","{'openTime': '', 'closeDays': '', 'closeTime': ''}",토요일은 격주로 영업함1시까지,,,,,,,,,,
