spotSeq,spotRate,spotAveragePoint,spotName,spotCategory,spotLat,spotLng,spotZipcode,spotAddress,spotBuildingName,spotPlaceId,spotOpenDays,spotCloseDays,spotRunTimesMemo,spotTelNumber,spotRegLang,spotIsViewEnabled,spotViewCount,soptRegUserId,spotRegLoginRouteType,spotRegDatetime,totalSpotPointCommentsCount,totalCurrentSpotFavoritesCount,sfiInfo,streetAddr,addr_dong,new_zipcode,new_keyword,road_address,result_dong,cid,sid,status,title
3d81b1b8733961d840f006bbfff854f720221024114414,bf,5.0,도마1동행정복지센터,category5,36.316071811018,127.38110200983,,대전광역시 서구 도마동,,3017010300,"{'openDays': '', 'openTime': '', 'closeTime': ''}","{'openTime': '', 'closeDays': '', 'closeTime': ''}",,,,Y,10,nong2222@naver.com,kakaotalk,2022-10-24 11:44:14,0,0,"[{'sfsSeq': 8, 'sfsDesc': {'en': 'Easily accessible for Wheelchairs.', 'ko': '휠체어 접근이 용이합니다.'}, 'sfsName': {'en': 'Wheelchair accessible', 'ko': '휠체어 접근 가능'}, 'isChecked': True, 'sfsIconUrl': 'https://s3.ap-northeast-2.amazonaws.com/bfzido/images/facilities_icon/', 'sfsSortNum': 0, 'sfsIconName': 'icon_disabled.png', 'sfsIsEnabled': 'Y', 'sfsRegDatetime': '2018-06-28 18:30:00'}, {'sfsSeq': 9, 'sfsDesc': [], 'sfsName': {'en': 'The place is on the first floor.', 'ko': '해당 장소가 1층에 위치함'}, 'isChecked': True, 'sfsIconUrl': 'https://s3.ap-northeast-2.amazonaws.com/bfzido/images/facilities_icon/', 'sfsSortNum': 1, 'sfsIconName': 'icon_groundfloor.png', 'sfsIsEnabled': 'Y', 'sfsRegDatetime': '2018-06-28 18:30:00'}, {'sfsSeq': 10, 'sfsDesc': [], 'sfsName': {'en': 'Disabled toilet available', 'ko': '장애인 화장실 있음'}, 'isChecked': True, 'sfsIconUrl': 'https://s3.ap-northeast-2.amazonaws.com/bfzido/images/facilities_icon/', 'sfsSortNum': 2, 'sfsIconName': 'icon_restroom.png', 'sfsIsEnabled': 'Y', 'sfsRegDatetime': '2018-06-28 18:30:00'}, {'sfsSeq': 11, 'sfsDesc': [], 'sfsName': {'en': 'Pet helpers allowed', 'ko': '애완견/도우미견 출입가능'}, 'isChecked': True, 'sfsIconUrl': 'https://s3.ap-northeast-2.amazonaws.com/bfzido/images/facilities_icon/', 'sfsSortNum': 3, 'sfsIconName': 'icon_pet.png', 'sfsIsEnabled': 'Y', 'sfsRegDatetime': '2018-06-28 18:30:00'}, {'sfsSeq': 13, 'sfsDesc': {'en': 'There must be no stairs on the way to the elevator, and the width of the elevator entrance must be at least 32 inches / 81 cm.', 'ko': '엘리베이터까지 이동하는데 계단이 없어야하며, 엘리베이터 입구의 가로 길이가 최소 32인치/81cm이어야 합니다.'}, 'sfsName': {'en': 'Elevator', 'ko': '엘리베이터 있음'}, 'isChecked': True, 'sfsIconUrl': 'https://s3.ap-northeast-2.amazonaws.com/bfzido/images/facilities_icon/', 'sfsSortNum': 5, 'sfsIconName': 'icon_elevator.png', 'sfsIsEnabled': 'Y', 'sfsRegDatetime': '2018-06-28 18:30:00'}, {'sfsSeq': 14, 'sfsDesc': [], 'sfsName': {'en': 'Free parking', 'ko': '건물 내 무료 주차 가능'}, 'isChecked': True, 'sfsIconUrl': 'https://s3.ap-northeast-2.amazonaws.com/bfzido/images/facilities_icon/', 'sfsSortNum': 6, 'sfsIconName': 'icon_parking.png', 'sfsIsEnabled': 'Y', 'sfsRegDatetime': '2018-06-28 18:30:00'}, {'sfsSeq': 15, 'sfsDesc': {'en': 'The Internet connection is stable', 'ko': '해당 장소에서 인터넷이 끊임없이 연결'}, 'sfsName': {'en': 'Wifi zone', 'ko': '무료 무선 인터넷 가능'}, 'isChecked': True, 'sfsIconUrl': 'https://s3.ap-northeast-2.amazonaws.com/bfzido/images/facilities_icon/', 'sfsSortNum': 7, 'sfsIconName': 'icon_wifi.png', 'sfsIsEnabled': 'Y', 'sfsRegDatetime': '2018-06-28 18:30:00'}, {'sfsSeq': 16, 'sfsDesc': [], 'sfsName': {'en': 'Suitable for family / children', 'ko': '가족/어린이 이용에 적합'}, 'isChecked': True, 'sfsIconUrl': 'https://s3.ap-northeast-2.amazonaws.com/bfzido/images/facilities_icon/', 'sfsSortNum': 8, 'sfsIconName': 'icon_people.png', 'sfsIsEnabled': 'Y', 'sfsRegDatetime': '2018-06-28 18:30:00'}]",도마동,대전광역시 서구 도마3길 46,35332.0,,,,11813050,11813050,True,도마1동 행정복지센터
cd274f3f2d7ccdb28111e6d3ca67339520221011093235,bf,5.0,신협,category9,36.314682364172,127.38302164873,,대전광역시 서구 도마동,,3017010300,"{'openDays': '', 'openTime': '', 'closeTime': ''}","{'openTime': '', 'closeDays': '', 'closeTime': ''}",,,,Y,3,nong2222@naver.com,kakaotalk,2022-10-11 09:32:35,0,0,"[{'sfsSeq': 8, 'sfsDesc': {'en': 'Easily accessible for Wheelchairs.', 'ko': '휠체어 접근이 용이합니다.'}, 'sfsName': {'en': 'Wheelchair accessible', 'ko': '휠체어 접근 가능'}, 'isChecked': True, 'sfsIconUrl': 'https://s3.ap-northeast-2.amazonaws.com/bfzido/images/facilities_icon/', 'sfsSortNum': 0, 'sfsIconName': 'icon_disabled.png', 'sfsIsEnabled': 'Y', 'sfsRegDatetime': '2018-06-28 18:30:00'}, {'sfsSeq': 9, 'sfsDesc': [], 'sfsName': {'en': 'The place is on the first floor.', 'ko': '해당 장소가 1층에 위치함'}, 'isChecked': True, 'sfsIconUrl': 'https://s3.ap-northeast-2.amazonaws.com/bfzido/images/facilities_icon/', 'sfsSortNum': 1, 'sfsIconName': 'icon_groundfloor.png', 'sfsIsEnabled': 'Y', 'sfsRegDatetime': '2018-06-28 18:30:00'}, {'sfsSeq': 15, 'sfsDesc': {'en': 'The Internet connection is stable', 'ko': '해당 장소에서 인터넷이 끊임없이 연결'}, 'sfsName': {'en': 'Wifi zone', 'ko': '무료 무선 인터넷 가능'}, 'isChecked': True, 'sfsIconUrl': 'https://s3.ap-northeast-2.amazonaws.com/bfzido/images/facilities_icon/', 'sfsSortNum': 7, 'sfsIconName': 'icon_wifi.png', 'sfsIsEnabled': 'Y', 'sfsRegDatetime': '2018-06-28 18:30:00'}, {'sfsSeq': 16, 'sfsDesc': [], 'sfsName': {'en': 'Suitable for family / children', 'ko': '가족/어린이 이용에 적합'}, 'isChecked': True, 'sfsIconUrl': 'https://s3.ap-northeast-2.amazonaws.com/bfzido/images/facilities_icon/', 'sfsSortNum': 8, 'sfsIconName': 'icon_people.png', 'sfsIsEnabled': 'Y', 'sfsRegDatetime': '2018-06-28 18:30:00'}]",도마동,대전광역시 서구 계백로 1461,35332.0,,,,16194141,16194141,True,대전푸른신협 도마본점
ade1ed661172eb51e52e3dfa55bb929520221011092358,bf,5.0,크로커다일,category7,36.314535529385,127.38279265779,,대전광역시 서구 도마동,,3017010300,"{'openDays': '', 'openTime': '', 'closeTime': ''}","{'openTime': '', 'closeDays': '', 'closeTime': ''}",,,,Y,4,nong2222@naver.com,kakaotalk,2022-10-11 09:23:58,0,0,"[{'sfsSeq': 8, 'sfsDesc': {'en': 'Easily accessible for Wheelchairs.', 'ko': '휠체어 접근이 용이합니다.'}, 'sfsName': {'en': 'Wheelchair accessible', 'ko': '휠체어 접근 가능'}, 'isChecked': True, 'sfsIconUrl': 'https://s3.ap-northeast-2.amazonaws.com/bfzido/images/facilities_icon/', 'sfsSortNum': 0, 'sfsIconName': 'icon_disabled.png', 'sfsIsEnabled': 'Y', 'sfsRegDatetime': '2018-06-28 18:30:00'}, {'sfsSeq': 9, 'sfsDesc': [], 'sfsName': {'en': 'The place is on the first floor.', 'ko': '해당 장소가 1층에 위치함'}, 'isChecked': True, 'sfsIconUrl': 'https://s3.ap-northeast-2.amazonaws.com/bfzido/images/facilities_icon/', 'sfsSortNum': 1, 'sfsIconName': 'icon_groundfloor.png', 'sfsIsEnabled': 'Y', 'sfsRegDatetime': '2018-06-28 18:30:00'}, {'sfsSeq': 16, 'sfsDesc': [], 'sfsName': {'en': 'Suitable for family / children', 'ko': '가족/어린이 이용에 적합'}, 'isChecked': True, 'sfsIconUrl': 'https://s3.ap-northeast-2.amazonaws.com/bfzido/images/facilities_icon/', 'sfsSortNum': 8, 'sfsIconName': 'icon_people.png', 'sfsIsEnabled': 'Y', 'sfsRegDatetime': '2018-06-28 18:30:00'}]",도마동,대전광역시 서구 계백로 1459,35332.0,,,,1076216945,1076216945,True,크로커다일레이디 대전도마점
4dbaa0aa621ea9c2f1660b57bb79036620220504094355,bf,5.0,카페 B 307308,category1,36.396659269055,127.40273836514,,대전광역시 유성구 전민동,,3020014100,"{'openDays': ['mon', 'tue', 'wed', 'thu', 'fri', 'sat'], 'openTime': '10:30', 'closeTime': '22:00'}","{'openTime': '', 'closeDays': '', 'closeTime': ''}",,0428638680,,Y,10,v098nk@naver.com,kakaotalk,2022-05-04 09:43:55,0,0,"[{'sfsSeq': 8, 'sfsDesc': {'en': 'Easily accessible for Wheelchairs.', 'ko': '휠체어 접근이 용이합니다.'}, 'sfsName': {'en': 'Wheelchair accessible', 'ko': '휠체어 접근 가능'}, 'isChecked': True, 'sfsIconUrl': 'https://s3.ap-northeast-2.amazonaws.com/bfzido/images/facilities_icon/', 'sfsSortNum': 0, 'sfsIconName': 'icon_disabled.png', 'sfsIsEnabled': 'Y', 'sfsRegDatetime': '2018-06-28 18:30:00'}, {'sfsSeq': 9, 'sfsDesc': [], 'sfsName': {'en': 'The place is on the first floor.', 'ko': '해당 장소가 1층에 위치함'}, 'isChecked': True, 'sfsIconUrl': 'https://s3.ap-northeast-2.amazonaws.com/bfzido/images/facilities_icon/', 'sfsSortNum': 1, 'sfsIconName': 'icon_groundfloor.png', 'sfsIsEnabled': 'Y', 'sfsRegDatetime': '2018-06-28 18:30:00'}, {'sfsSeq': 15, 'sfsDesc': {'en': 'The Internet connection is stable', 'ko': '해당 장소에서 인터넷이 끊임없이 연결'}, 'sfsName': {'en': 'Wifi zone', 'ko': '무료 무선 인터넷 가능'}, 'isChecked': True, 'sfsIconUrl': 'https://s3.ap-northeast-2.amazonaws.com/bfzido/images/facilities_icon/', 'sfsSortNum': 7, 'sfsIconName': 'icon_wifi.png', 'sfsIsEnabled': 'Y', 'sfsRegDatetime': '2018-06-28 18:30:00'}, {'sfsSeq': 16, 'sfsDesc': [], 'sfsName': {'en': 'Suitable for family / children', 'ko': '가족/어린이 이용에 적합'}, 'isChecked': True, 'sfsIconUrl': 'https://s3.ap-northeast-2.amazonaws.com/bfzido/images/facilities_icon/', 'sfsSortNum': 8, 'sfsIconName': 'icon_people.png', 'sfsIsEnabled': 'Y', 'sfsRegDatetime': '2018-06-28 18:30:00'}]",전민동,대전광역시 유성구 전민로46번길 46,34052.0,,,,33492407,33492407,True,카페 B 307308
b26e2254e9a24c1f4202bb4aac27d63320220504094126,bf,5.0,리본커피,category1,36.396516934312,127.40385789684,,대전광역시 유성구 전민동,,3020014100,"{'openDays': ['mon', 'tue', 'wed', 'thu', 'fri', 'sat', 'sun'], 'openTime': '09:00', 'closeTime': '19:00'}","{'openTime': '', 'closeDays': '', 'closeTime': ''}",,0428643332,,Y,1,v098nk@naver.com,kakaotalk,2022-05-04 09:41:26,0,0,"[{'sfsSeq': 8, 'sfsDesc': {'en': 'Easily accessible for Wheelchairs.', 'ko': '휠체어 접근이 용이합니다.'}, 'sfsName': {'en': 'Wheelchair accessible', 'ko': '휠체어 접근 가능'}, 'isChecked': True, 'sfsIconUrl': 'https://s3.ap-northeast-2.amazonaws.com/bfzido/images/facilities_icon/', 'sfsSortNum': 0, 'sfsIconName': 'icon_disabled.png', 'sfsIsEnabled': 'Y', 'sfsRegDatetime': '2018-06-28 18:30:00'}, {'sfsSeq': 9, 'sfsDesc': [], 'sfsName': {'en': 'The place is on the first floor.', 'ko': '해당 장소가 1층에 위치함'}, 'isChecked': True, 'sfsIconUrl': 'https://s3.ap-northeast-2.amazonaws.com/bfzido/images/facilities_icon/', 'sfsSortNum': 1, 'sfsIconName': 'icon_groundfloor.png', 'sfsIsEnabled': 'Y', 'sfsRegDatetime': '2018-06-28 18:30:00'}, {'sfsSeq': 10, 'sfsDesc': [], 'sfsName': {'en': 'Disabled toilet available', 'ko': '장애인 화장실 있음'}, 'isChecked': True, 'sfsIconUrl': 'https://s3.ap-northeast-2.amazonaws.com/bfzido/images/facilities_icon/', 'sfsSortNum': 2, 'sfsIconName': 'icon_restroom.png', 'sfsIsEnabled': 'Y', 'sfsRegDatetime': '2018-06-28 18:30:00'}, {'sfsSeq': 11, 'sfsDesc': [], 'sfsName': {'en': 'Pet helpers allowed', 'ko': '애완견/도우미견 출입가능'}, 'isChecked': True, 'sfsIconUrl': 'https://s3.ap-northeast-2.amazonaws.com/bfzido/images/facilities_icon/', 'sfsSortNum': 3, 'sfsIconName': 'icon_pet.png', 'sfsIsEnabled': 'Y', 'sfsRegDatetime': '2018-06-28 18:30:00'}, {'sfsSeq': 15, 'sfsDesc': {'en': 'The Internet connection is stable', 'ko': '해당 장소에서 인터넷이 끊임없이 연결'}, 'sfsName': {'en': 'Wifi zone', 'ko': '무료 무선 인터넷 가능'}, 'isChecked': True, 'sfsIconUrl': 'https://s3.ap-northeast-2.amazonaws.com/bfzido/images/facilities_icon/', 'sfsSortNum': 7, 'sfsIconName': 'icon_wifi.png', 'sfsIsEnabled': 'Y', 'sfsRegDatetime': '2018-06-28 18:30:00'}, {'sfsSeq': 16, 'sfsDesc': [], 'sfsName': {'en': 'Suitable for family / children', 'ko': '가족/어린이 이용에 적합'}, 'isChecked': True, 'sfsIconUrl': 'https://s3.ap-northeast-2.amazonaws.com/bfzido/images/facilities_icon/', 'sfsSortNum': 8, 'sfsIconName': 'icon_people.png', 'sfsIsEnabled': 'Y', 'sfsRegDatetime': '2018-06-28 18:30:00'}]",전민동,대전광역시 유성구 전민로 10,34052.0,,,,1813259013,1813259013,True,리본커피
b400de18f9db7d6f1ee47eb1c8ecd65e20220206140849,bf,5.0,이마트24 유성스마트시티점,category7,36.377736418377,127.39172777896,,대전광역시 유성구 도룡동,,3020012700,"{'openDays': ['mon', 'tue', 'wed', 'thu', 'fri', 'sat', 'sun'], 'openTime': '00:00', 'closeTime': '00:00'}","{'openTime': '', 'closeDays': '', 'closeTime': ''}",,0428671991,,Y,2,dahyee0218@daum.net,kakaotalk,2022-02-06 14:08:49,0,0,"[{'sfsSeq': 8, 'sfsDesc': {'en': 'Easily accessible for Wheelchairs.', 'ko': '휠체어 접근이 용이합니다.'}, 'sfsName': {'en': 'Wheelchair accessible', 'ko': '휠체어 접근 가능'}, 'isChecked': True, 'sfsIconUrl': 'https://s3.ap-northeast-2.amazonaws.com/bfzido/images/facilities_icon/', 'sfsSortNum': 0, 'sfsIconName': 'icon_disabled.png', 'sfsIsEnabled': 'Y', 'sfsRegDatetime': '2018-06-28 18:30:00'}, {'sfsSeq': 9, 'sfsDesc': [], 'sfsName': {'en': 'The place is on the first floor.', 'ko': '해당 장소가 1층에 위치함'}, 'isChecked': True, 'sfsIconUrl': 'https://s3.ap-northeast-2.amazonaws.com/bfzido/images/facilities_icon/', 'sfsSortNum': 1, 'sfsIconName': 'icon_groundfloor.png', 'sfsIsEnabled': 'Y', 'sfsRegDatetime': '2018-06-28 18:30:00'}, {'sfsSeq': 11, 'sfsDesc': [], 'sfsName': {'en': 'Pet helpers allowed', 'ko': '애완견/도우미견 출입가능'}, 'isChecked': True, 'sfsIconUrl': 'https://s3.ap-northeast-2.amazonaws.com/bfzido/images/facilities_icon/', 'sfsSortNum': 3, 'sfsIconName': 'icon_pet.png', 'sfsIsEnabled': 'Y', 'sfsRegDatetime': '2018-06-28 18:30:00'}, {'sfsSeq': 15, 'sfsDesc': {'en': 'The Internet connection is stable', 'ko': '해당 장소에서 인터넷이 끊임없이 연결'}, 'sfsName': {'en': 'Wifi zone', 'ko': '무료 무선 인터넷 가능'}, 'isChecked': True, 'sfsIconUrl': 'https://s3.ap-northeast-2.amazonaws.com/bfzido/images/facilities_icon/', 'sfsSortNum': 7, 'sfsIconName': 'icon_wifi.png', 'sfsIsEnabled': 'Y', 'sfsRegDatetime': '2018-06-28 18:30:00'}, {'sfsSeq': 16, 'sfsDesc': [], 'sfsName': {'en': 'Suitable for family / children', 'ko': '가족/어린이 이용에 적합'}, 'isChecked': True, 'sfsIconUrl': 'https://s3.ap-northeast-2.amazonaws.com/bfzido/images/facilities_icon/', 'sfsSortNum': 8, 'sfsIconName': 'icon_people.png', 'sfsIsEnabled': 'Y', 'sfsRegDatetime': '2018-06-28 18:30:00'}]",도룡동,대전광역시 유성구 엑스포로123번길 65-38,34125.0,,,,1068397174,1068397174,True,이마트24 유성스마트시티점
289e2b771674caef0fb67b231fdb9bbc20220206125155,bf,5.0,신성동 우체국,category5,36.389963446868,127.3487098109,,대전광역시 유성구 신성동,,3020012500,"{'openDays': ['mon', 'tue', 'wed', 'thu', 'fri'], 'openTime': '09:00', 'closeTime': '18:00'}","{'openTime': '', 'closeDays': '', 'closeTime': ''}",,0428613200,,Y,3,dahyee0218@daum.net,kakaotalk,2022-02-06 12:51:55,0,0,"[{'sfsSeq': 8, 'sfsDesc': {'en': 'Easily accessible for Wheelchairs.', 'ko': '휠체어 접근이 용이합니다.'}, 'sfsName': {'en': 'Wheelchair accessible', 'ko': '휠체어 접근 가능'}, 'isChecked': True, 'sfsIconUrl': 'https://s3.ap-northeast-2.amazonaws.com/bfzido/images/facilities_icon/', 'sfsSortNum': 0, 'sfsIconName': 'icon_disabled.png', 'sfsIsEnabled': 'Y', 'sfsRegDatetime': '2018-06-28 18:30:00'}, {'sfsSeq': 9, 'sfsDesc': [], 'sfsName': {'en': 'The place is on the first floor.', 'ko': '해당 장소가 1층에 위치함'}, 'isChecked': True, 'sfsIconUrl': 'https://s3.ap-northeast-2.amazonaws.com/bfzido/images/facilities_icon/', 'sfsSortNum': 1, 'sfsIconName': 'icon_groundfloor.png', 'sfsIsEnabled': 'Y', 'sfsRegDatetime': '2018-06-28 18:30:00'}, {'sfsSeq': 11, 'sfsDesc': [], 'sfsName': {'en': 'Pet helpers allowed', 'ko': '애완견/도우미견 출입가능'}, 'isChecked': True, 'sfsIconUrl': 'https://s3.ap-northeast-2.amazonaws.com/bfzido/images/facilities_icon/', 'sfsSortNum': 3, 'sfsIconName': 'icon_pet.png', 'sfsIsEnabled': 'Y', 'sfsRegDatetime': '2018-06-28 18:30:00'}, {'sfsSeq': 15, 'sfsDesc': {'en': 'The Internet connection is stable', 'ko': '해당 장소에서 인터넷이 끊임없이 연결'}, 'sfsName': {'en': 'Wifi zone', 'ko': '무료 무선 인터넷 가능'}, 'isChecked': True, 'sfsIconUrl': 'https://s3.ap-northeast-2.amazonaws.com/bfzido/images/facilities_icon/', 'sfsSortNum': 7, 'sfsIconName': 'icon_wifi.png', 'sfsIsEnabled': 'Y', 'sfsRegDatetime': '2018-06-28 18:30:00'}, {'sfsSeq': 16, 'sfsDesc': [], 'sfsName': {'en': 'Suitable for family / children', 'ko': '가족/어린이 이용에 적합'}, 'isChecked': True, 'sfsIconUrl': 'https://s3.ap-northeast-2.amazonaws.com/bfzido/images/facilities_icon/', 'sfsSortNum': 8, 'sfsIconName': 'icon_people.png', 'sfsIsEnabled': 'Y', 'sfsRegDatetime': '2018-06-28 18:30:00'}]",신성동,대전광역시 유성구 신성로 73,34107.0,,,,13328942,13328942,True,신성동우체국
c494c039dd2bd8ddcca27e9f755a6b2120220121151927,bf,5.0,파스쿠찌 대전 롯데점,category1,36.341029943191,127.39017795198,,대전광역시 서구 탄방동,,3017010600,"{'openDays': ['mon', 'tue', 'wed', 'thu', 'fri', 'sat', 'sun'], 'openTime': '08:00', 'closeTime': '22:00'}","{'openTime': '', 'closeDays': '', 'closeTime': ''}",,0424848497,,Y,3,junmin5@naver.com,email,2022-01-21 15:19:27,0,0,"[{'sfsSeq': 8, 'sfsDesc': {'en': 'Easily accessible for Wheelchairs.', 'ko': '휠체어 접근이 용이합니다.'}, 'sfsName': {'en': 'Wheelchair accessible', 'ko': '휠체어 접근 가능'}, 'isChecked': True, 'sfsIconUrl': 'https://s3.ap-northeast-2.amazonaws.com/bfzido/images/facilities_icon/', 'sfsSortNum': 0, 'sfsIconName': 'icon_disabled.png', 'sfsIsEnabled': 'Y', 'sfsRegDatetime': '2018-06-28 18:30:00'}, {'sfsSeq': 9, 'sfsDesc': [], 'sfsName': {'en': 'The place is on the first floor.', 'ko': '해당 장소가 1층에 위치함'}, 'isChecked': True, 'sfsIconUrl': 'https://s3.ap-northeast-2.amazonaws.com/bfzido/images/facilities_icon/', 'sfsSortNum': 1, 'sfsIconName': 'icon_groundfloor.png', 'sfsIsEnabled': 'Y', 'sfsRegDatetime': '2018-06-28 18:30:00'}, {'sfsSeq': 10, 'sfsDesc': [], 'sfsName': {'en': 'Disabled toilet available', 'ko': '장애인 화장실 있음'}, 'isChecked': True, 'sfsIconUrl': 'https://s3.ap-northeast-2.amazonaws.com/bfzido/images/facilities_icon/', 'sfsSortNum': 2, 'sfsIconName': 'icon_restroom.png', 'sfsIsEnabled': 'Y', 'sfsRegDatetime': '2018-06-28 18:30:00'}, {'sfsSeq': 12, 'sfsDesc': [], 'sfsName': {'en': 'Elevator for the disabled', 'ko': '장애인 엘리베이터 있음'}, 'isChecked': True, 'sfsIconUrl': 'https://s3.ap-northeast-2.amazonaws.com/bfzido/images/facilities_icon/', 'sfsSortNum': 4, 'sfsIconName': 'icon_disabledelevator.png', 'sfsIsEnabled': 'Y', 'sfsRegDatetime': '2018-06-28 18:30:00'}, {'sfsSeq': 13, 'sfsDesc': {'en': 'There must be no stairs on the way to the elevator, and the width of the elevator entrance must be at least 32 inches / 81 cm.', 'ko': '엘리베이터까지 이동하는데 계단이 없어야하며, 엘리베이터 입구의 가로 길이가 최소 32인치/81cm이어야 합니다.'}, 'sfsName': {'en': 'Elevator', 'ko': '엘리베이터 있음'}, 'isChecked': True, 'sfsIconUrl': 'https://s3.ap-northeast-2.amazonaws.com/bfzido/images/facilities_icon/', 'sfsSortNum': 5, 'sfsIconName': 'icon_elevator.png', 'sfsIsEnabled': 'Y', 'sfsRegDatetime': '2018-06-28 18:30:00'}, {'sfsSeq': 14, 'sfsDesc': [], 'sfsName': {'en': 'Free parking', 'ko': '건물 내 무료 주차 가능'}, 'isChecked': True, 'sfsIconUrl': 'https://s3.ap-northeast-2.amazonaws.com/bfzido/images/facilities_icon/', 'sfsSortNum': 6, 'sfsIconName': 'icon_parking.png', 'sfsIsEnabled': 'Y', 'sfsRegDatetime': '2018-06-28 18:30:00'}, {'sfsSeq': 15, 'sfsDesc': {'en': 'The Internet connection is stable', 'ko': '해당 장소에서 인터넷이 끊임없이 연결'}, 'sfsName': {'en': 'Wifi zone', 'ko': '무료 무선 인터넷 가능'}, 'isChecked': True, 'sfsIconUrl': 'https://s3.ap-northeast-2.amazonaws.com/bfzido/images/facilities_icon/', 'sfsSortNum': 7, 'sfsIconName': 'icon_wifi.png', 'sfsIsEnabled': 'Y', 'sfsRegDatetime': '2018-06-28 18:30:00'}, {'sfsSeq': 16, 'sfsDesc': [], 'sfsName': {'en': 'Suitable for family / children', 'ko': '가족/어린이 이용에 적합'}, 'isChecked': True, 'sfsIconUrl': 'https://s3.ap-northeast-2.amazonaws.com/bfzido/images/facilities_icon/', 'sfsSortNum': 8, 'sfsIconName': 'icon_people.png', 'sfsIsEnabled': 'Y', 'sfsRegDatetime': '2018-06-28 18:30:00'}]",,,,,,,1394254665,1394254665,different,파스쿠찌 대전롯데점
98f615889f3c02f6372232b00c9510cc20220110123140,bf,5.0,세븐일레븐 유성디티비안S점,category9,36.426326139169,127.39071722587,,대전광역시 유성구 관평동,,3020014600,"{'openDays': ['mon', 'tue', 'wed', 'thu', 'fri', 'sat', 'sun'], 'openTime': '00:00', 'closeTime': '00:00'}","{'openTime': '', 'closeDays': '', 'closeTime': ''}",,,,Y,2,dahyee0218@daum.net,kakaotalk,2022-01-10 12:31:40,0,0,"[{'sfsSeq': 8, 'sfsDesc': {'en': 'Easily accessible for Wheelchairs.', 'ko': '휠체어 접근이 용이합니다.'}, 'sfsName': {'en': 'Wheelchair accessible', 'ko': '휠체어 접근 가능'}, 'isChecked': True, 'sfsIconUrl': 'https://s3.ap-northeast-2.amazonaws.com/bfzido/images/facilities_icon/', 'sfsSortNum': 0, 'sfsIconName': 'icon_disabled.png', 'sfsIsEnabled': 'Y', 'sfsRegDatetime': '2018-06-28 18:30:00'}, {'sfsSeq': 9, 'sfsDesc': [], 'sfsName': {'en': 'The place is on the first floor.', 'ko': '해당 장소가 1층에 위치함'}, 'isChecked': True, 'sfsIconUrl': 'https://s3.ap-northeast-2.amazonaws.com/bfzido/images/facilities_icon/', 'sfsSortNum': 1, 'sfsIconName': 'icon_groundfloor.png', 'sfsIsEnabled': 'Y', 'sfsRegDatetime': '2018-06-28 18:30:00'}, {'sfsSeq': 10, 'sfsDesc': [], 'sfsName': {'en': 'Disabled toilet available', 'ko': '장애인 화장실 있음'}, 'isChecked': True, 'sfsIconUrl': 'https://s3.ap-northeast-2.amazonaws.com/bfzido/images/facilities_icon/', 'sfsSortNum': 2, 'sfsIconName': 'icon_restroom.png', 'sfsIsEnabled': 'Y', 'sfsRegDatetime': '2018-06-28 18:30:00'}, {'sfsSeq': 11, 'sfsDesc': [], 'sfsName': {'en': 'Pet helpers allowed', 'ko': '애완견/도우미견 출입가능'}, 'isChecked': True, 'sfsIconUrl': 'https://s3.ap-northeast-2.amazonaws.com/bfzido/images/facilities_icon/', 'sfsSortNum': 3, 'sfsIconName': 'icon_pet.png', 'sfsIsEnabled': 'Y', 'sfsRegDatetime': '2018-06-28 18:30:00'}, {'sfsSeq': 12, 'sfsDesc': [], 'sfsName': {'en': 'Elevator for the disabled', 'ko': '장애인 엘리베이터 있음'}, 'isChecked': True, 'sfsIconUrl': 'https://s3.ap-northeast-2.amazonaws.com/bfzido/images/facilities_icon/', 'sfsSortNum': 4, 'sfsIconName': 'icon_disabledelevator.png', 'sfsIsEnabled': 'Y', 'sfsRegDatetime': '2018-06-28 18:30:00'}, {'sfsSeq': 13, 'sfsDesc': {'en': 'There must be no stairs on the way to the elevator, and the width of the elevator entrance must be at least 32 inches / 81 cm.', 'ko': '엘리베이터까지 이동하는데 계단이 없어야하며, 엘리베이터 입구의 가로 길이가 최소 32인치/81cm이어야 합니다.'}, 'sfsName': {'en': 'Elevator', 'ko': '엘리베이터 있음'}, 'isChecked': True, 'sfsIconUrl': 'https://s3.ap-northeast-2.amazonaws.com/bfzido/images/facilities_icon/', 'sfsSortNum': 5, 'sfsIconName': 'icon_elevator.png', 'sfsIsEnabled': 'Y', 'sfsRegDatetime': '2018-06-28 18:30:00'}, {'sfsSeq': 15, 'sfsDesc': {'en': 'The Internet connection is stable', 'ko': '해당 장소에서 인터넷이 끊임없이 연결'}, 'sfsName': {'en': 'Wifi zone', 'ko': '무료 무선 인터넷 가능'}, 'isChecked': True, 'sfsIconUrl': 'https://s3.ap-northeast-2.amazonaws.com/bfzido/images/facilities_icon/', 'sfsSortNum': 7, 'sfsIconName': 'icon_wifi.png', 'sfsIsEnabled': 'Y', 'sfsRegDatetime': '2018-06-28 18:30:00'}, {'sfsSeq': 16, 'sfsDesc': [], 'sfsName': {'en': 'Suitable for family / children', 'ko': '가족/어린이 이용에 적합'}, 'isChecked': True, 'sfsIconUrl': 'https://s3.ap-northeast-2.amazonaws.com/bfzido/images/facilities_icon/', 'sfsSortNum': 8, 'sfsIconName': 'icon_people.png', 'sfsIsEnabled': 'Y', 'sfsRegDatetime': '2018-06-28 18:30:00'}]",관평동,대전광역시 유성구 테크노중앙로 50,34018.0,,,,1120578605,1120578605,True,세븐일레븐유성디티비안S점
f59eceae7c4315fc89d5718060f2be7c20220110122050,bf,5.0,던킨 대전관평점,category1,36.425883590826,127.39101608887,,대전광역시 유성구 관평동,,3020014600,"{'openDays': ['mon', 'tue', 'wed', 'thu', 'fri', 'sat', 'sun'], 'openTime': '08:00', 'closeTime': '22:00'}","{'openTime': '', 'closeDays': '', 'closeTime': ''}",,,,Y,2,dahyee0218@daum.net,kakaotalk,2022-01-10 12:20:50,0,0,"[{'sfsSeq': 8, 'sfsDesc': {'en': 'Easily accessible for Wheelchairs.', 'ko': '휠체어 접근이 용이합니다.'}, 'sfsName': {'en': 'Wheelchair accessible', 'ko': '휠체어 접근 가능'}, 'isChecked': True, 'sfsIconUrl': 'https://s3.ap-northeast-2.amazonaws.com/bfzido/images/facilities_icon/', 'sfsSortNum': 0, 'sfsIconName': 'icon_disabled.png', 'sfsIsEnabled': 'Y', 'sfsRegDatetime': '2018-06-28 18:30:00'}, {'sfsSeq': 9, 'sfsDesc': [], 'sfsName': {'en': 'The place is on the first floor.', 'ko': '해당 장소가 1층에 위치함'}, 'isChecked': True, 'sfsIconUrl': 'https://s3.ap-northeast-2.amazonaws.com/bfzido/images/facilities_icon/', 'sfsSortNum': 1, 'sfsIconName': 'icon_groundfloor.png', 'sfsIsEnabled': 'Y', 'sfsRegDatetime': '2018-06-28 18:30:00'}, {'sfsSeq': 12, 'sfsDesc': [], 'sfsName': {'en': 'Elevator for the disabled', 'ko': '장애인 엘리베이터 있음'}, 'isChecked': True, 'sfsIconUrl': 'https://s3.ap-northeast-2.amazonaws.com/bfzido/images/facilities_icon/', 'sfsSortNum': 4, 'sfsIconName': 'icon_disabledelevator.png', 'sfsIsEnabled': 'Y', 'sfsRegDatetime': '2018-06-28 18:30:00'}, {'sfsSeq': 13, 'sfsDesc': {'en': 'There must be no stairs on the way to the elevator, and the width of the elevator entrance must be at least 32 inches / 81 cm.', 'ko': '엘리베이터까지 이동하는데 계단이 없어야하며, 엘리베이터 입구의 가로 길이가 최소 32인치/81cm이어야 합니다.'}, 'sfsName': {'en': 'Elevator', 'ko': '엘리베이터 있음'}, 'isChecked': True, 'sfsIconUrl': 'https://s3.ap-northeast-2.amazonaws.com/bfzido/images/facilities_icon/', 'sfsSortNum': 5, 'sfsIconName': 'icon_elevator.png', 'sfsIsEnabled': 'Y', 'sfsRegDatetime': '2018-06-28 18:30:00'}, {'sfsSeq': 15, 'sfsDesc': {'en': 'The Internet connection is stable', 'ko': '해당 장소에서 인터넷이 끊임없이 연결'}, 'sfsName': {'en': 'Wifi zone', 'ko': '무료 무선 인터넷 가능'}, 'isChecked': True, 'sfsIconUrl': 'https://s3.ap-northeast-2.amazonaws.com/bfzido/images/facilities_icon/', 'sfsSortNum': 7, 'sfsIconName': 'icon_wifi.png', 'sfsIsEnabled': 'Y', 'sfsRegDatetime': '2018-06-28 18:30:00'}, {'sfsSeq': 16, 'sfsDesc': [], 'sfsName': {'en': 'Suitable for family / children', 'ko': '가족/어린이 이용에 적합'}, 'isChecked': True, 'sfsIconUrl': 'https://s3.ap-northeast-2.amazonaws.com/bfzido/images/facilities_icon/', 'sfsSortNum': 8, 'sfsIconName': 'icon_people.png', 'sfsIsEnabled': 'Y', 'sfsRegDatetime': '2018-06-28 18:30:00'}]",,,,,,,1270793151,1270793151,different,던킨 대전관평점
7c5a7c3df88804b885706ff768b7016c20220102125929,bf,5.0,배스킨라빈스 대전터미널서관,category1,36.350340815857,127.43718509547,,대전광역시 동구 용전동,,3011011500,"{'openDays': ['mon', 'tue', 'wed', 'thu', 'fri', 'sat', 'sun'], 'openTime': '10:00', 'closeTime': '23:00'}","{'openTime': '', 'closeDays': '', 'closeTime': ''}",,0426223101,,Y,2,junmin5@naver.com,email,2022-01-02 12:59:29,0,0,"[{'sfsSeq': 8, 'sfsDesc': {'en': 'Easily accessible for Wheelchairs.', 'ko': '휠체어 접근이 용이합니다.'}, 'sfsName': {'en': 'Wheelchair accessible', 'ko': '휠체어 접근 가능'}, 'isChecked': True, 'sfsIconUrl': 'https://s3.ap-northeast-2.amazonaws.com/bfzido/images/facilities_icon/', 'sfsSortNum': 0, 'sfsIconName': 'icon_disabled.png', 'sfsIsEnabled': 'Y', 'sfsRegDatetime': '2018-06-28 18:30:00'}, {'sfsSeq': 9, 'sfsDesc': [], 'sfsName': {'en': 'The place is on the first floor.', 'ko': '해당 장소가 1층에 위치함'}, 'isChecked': True, 'sfsIconUrl': 'https://s3.ap-northeast-2.amazonaws.com/bfzido/images/facilities_icon/', 'sfsSortNum': 1, 'sfsIconName': 'icon_groundfloor.png', 'sfsIsEnabled': 'Y', 'sfsRegDatetime': '2018-06-28 18:30:00'}, {'sfsSeq': 10, 'sfsDesc': [], 'sfsName': {'en': 'Disabled toilet available', 'ko': '장애인 화장실 있음'}, 'isChecked': True, 'sfsIconUrl': 'https://s3.ap-northeast-2.amazonaws.com/bfzido/images/facilities_icon/', 'sfsSortNum': 2, 'sfsIconName': 'icon_restroom.png', 'sfsIsEnabled': 'Y', 'sfsRegDatetime': '2018-06-28 18:30:00'}, {'sfsSeq': 11, 'sfsDesc': [], 'sfsName': {'en': 'Pet helpers allowed', 'ko': '애완견/도우미견 출입가능'}, 'isChecked': True, 'sfsIconUrl': 'https://s3.ap-northeast-2.amazonaws.com/bfzido/images/facilities_icon/', 'sfsSortNum': 3, 'sfsIconName': 'icon_pet.png', 'sfsIsEnabled': 'Y', 'sfsRegDatetime': '2018-06-28 18:30:00'}, {'sfsSeq': 12, 'sfsDesc': [], 'sfsName': {'en': 'Elevator for the disabled', 'ko': '장애인 엘리베이터 있음'}, 'isChecked': True, 'sfsIconUrl': 'https://s3.ap-northeast-2.amazonaws.com/bfzido/images/facilities_icon/', 'sfsSortNum': 4, 'sfsIconName': 'icon_disabledelevator.png', 'sfsIsEnabled': 'Y', 'sfsRegDatetime': '2018-06-28 18:30:00'}, {'sfsSeq': 13, 'sfsDesc': {'en': 'There must be no stairs on the way to the elevator, and the width of the elevator entrance must be at least 32 inches / 81 cm.', 'ko': '엘리베이터까지 이동하는데 계단이 없어야하며, 엘리베이터 입구의 가로 길이가 최소 32인치/81cm이어야 합니다.'}, 'sfsName': {'en': 'Elevator', 'ko': '엘리베이터 있음'}, 'isChecked': True, 'sfsIconUrl': 'https://s3.ap-northeast-2.amazonaws.com/bfzido/images/facilities_icon/', 'sfsSortNum': 5, 'sfsIconName': 'icon_elevator.png', 'sfsIsEnabled': 'Y', 'sfsRegDatetime': '2018-06-28 18:30:00'}, {'sfsSeq': 14, 'sfsDesc': [], 'sfsName': {'en': 'Free parking', 'ko': '건물 내 무료 주차 가능'}, 'isChecked': True, 'sfsIconUrl': 'https://s3.ap-northeast-2.amazonaws.com/bfzido/images/facilities_icon/', 'sfsSortNum': 6, 'sfsIconName': 'icon_parking.png', 'sfsIsEnabled': 'Y', 'sfsRegDatetime': '2018-06-28 18:30:00'}, {'sfsSeq': 15, 'sfsDesc': {'en': 'The Internet connection is stable', 'ko': '해당 장소에서 인터넷이 끊임없이 연결'}, 'sfsName': {'en': 'Wifi zone', 'ko': '무료 무선 인터넷 가능'}, 'isChecked': True, 'sfsIconUrl': 'https://s3.ap-northeast-2.amazonaws.com/bfzido/images/facilities_icon/', 'sfsSortNum': 7, 'sfsIconName': 'icon_wifi.png', 'sfsIsEnabled': 'Y', 'sfsRegDatetime': '2018-06-28 18:30:00'}, {'sfsSeq': 16, 'sfsDesc': [], 'sfsName': {'en': 'Suitable for family / children', 'ko': '가족/어린이 이용에 적합'}, 'isChecked': True, 'sfsIconUrl': 'https://s3.ap-northeast-2.amazonaws.com/bfzido/images/facilities_icon/', 'sfsSortNum': 8, 'sfsIconName': 'icon_people.png', 'sfsIsEnabled': 'Y', 'sfsRegDatetime': '2018-06-28 18:30:00'}]",용전동,대전광역시 동구 동서대로 1689,34551.0,,,,30824630,30824630,True,배스킨라빈스 대전터미널서관
bbc0fc647013c73a34110e89bec255d120220102123059,bf,5.0,마라공방 도룡점,category1,36.375169785088,127.39531438307,,대전광역시 유성구 도룡동,,3020012700,"{'openDays': ['mon', 'tue', 'wed', 'thu', 'fri', 'sat'], 'openTime': '11:00', 'closeTime': '22:00'}","{'openTime': '', 'closeDays': '', 'closeTime': ''}",,050713025334,,Y,4,junmin5@naver.com,email,2022-01-02 12:30:59,0,0,"[{'sfsSeq': 8, 'sfsDesc': {'en': 'Easily accessible for Wheelchairs.', 'ko': '휠체어 접근이 용이합니다.'}, 'sfsName': {'en': 'Wheelchair accessible', 'ko': '휠체어 접근 가능'}, 'isChecked': True, 'sfsIconUrl': 'https://s3.ap-northeast-2.amazonaws.com/bfzido/images/facilities_icon/', 'sfsSortNum': 0, 'sfsIconName': 'icon_disabled.png', 'sfsIsEnabled': 'Y', 'sfsRegDatetime': '2018-06-28 18:30:00'}, {'sfsSeq': 10, 'sfsDesc': [], 'sfsName': {'en': 'Disabled toilet available', 'ko': '장애인 화장실 있음'}, 'isChecked': True, 'sfsIconUrl': 'https://s3.ap-northeast-2.amazonaws.com/bfzido/images/facilities_icon/', 'sfsSortNum': 2, 'sfsIconName': 'icon_restroom.png', 'sfsIsEnabled': 'Y', 'sfsRegDatetime': '2018-06-28 18:30:00'}, {'sfsSeq': 12, 'sfsDesc': [], 'sfsName': {'en': 'Elevator for the disabled', 'ko': '장애인 엘리베이터 있음'}, 'isChecked': True, 'sfsIconUrl': 'https://s3.ap-northeast-2.amazonaws.com/bfzido/images/facilities_icon/', 'sfsSortNum': 4, 'sfsIconName': 'icon_disabledelevator.png', 'sfsIsEnabled': 'Y', 'sfsRegDatetime': '2018-06-28 18:30:00'}, {'sfsSeq': 13, 'sfsDesc': {'en': 'There must be no stairs on the way to the elevator, and the width of the elevator entrance must be at least 32 inches / 81 cm.', 'ko': '엘리베이터까지 이동하는데 계단이 없어야하며, 엘리베이터 입구의 가로 길이가 최소 32인치/81cm이어야 합니다.'}, 'sfsName': {'en': 'Elevator', 'ko': '엘리베이터 있음'}, 'isChecked': True, 'sfsIconUrl': 'https://s3.ap-northeast-2.amazonaws.com/bfzido/images/facilities_icon/', 'sfsSortNum': 5, 'sfsIconName': 'icon_elevator.png', 'sfsIsEnabled': 'Y', 'sfsRegDatetime': '2018-06-28 18:30:00'}, {'sfsSeq': 14, 'sfsDesc': [], 'sfsName': {'en': 'Free parking', 'ko': '건물 내 무료 주차 가능'}, 'isChecked': True, 'sfsIconUrl': 'https://s3.ap-northeast-2.amazonaws.com/bfzido/images/facilities_icon/', 'sfsSortNum': 6, 'sfsIconName': 'icon_parking.png', 'sfsIsEnabled': 'Y', 'sfsRegDatetime': '2018-06-28 18:30:00'}, {'sfsSeq': 15, 'sfsDesc': {'en': 'The Internet connection is stable', 'ko': '해당 장소에서 인터넷이 끊임없이 연결'}, 'sfsName': {'en': 'Wifi zone', 'ko': '무료 무선 인터넷 가능'}, 'isChecked': True, 'sfsIconUrl': 'https://s3.ap-northeast-2.amazonaws.com/bfzido/images/facilities_icon/', 'sfsSortNum': 7, 'sfsIconName': 'icon_wifi.png', 'sfsIsEnabled': 'Y', 'sfsRegDatetime': '2018-06-28 18:30:00'}, {'sfsSeq': 16, 'sfsDesc': [], 'sfsName': {'en': 'Suitable for family / children', 'ko': '가족/어린이 이용에 적합'}, 'isChecked': True, 'sfsIconUrl': 'https://s3.ap-northeast-2.amazonaws.com/bfzido/images/facilities_icon/', 'sfsSortNum': 8, 'sfsIconName': 'icon_people.png', 'sfsIsEnabled': 'Y', 'sfsRegDatetime': '2018-06-28 18:30:00'}]",,,,,,,,,no_result,
22b028e99b71b6d14ce83c531eaed3c420211209222209,bf,5.0,느리울 마을 12단지,category4,36.2982102,127.3428897,,대전광역시 서구 관저동,,3017011600,"{'openDays': '', 'openTime': '', 'closeTime': ''}","{'openTime': '', 'closeDays': '', 'closeTime': ''}",,,,Y,4,111111thfl@kakao.com,kakaotalk,2021-12-09 22:22:09,0,0,"[{'sfsSeq': 8, 'sfsDesc': {'en': 'Easily accessible for Wheelchairs.', 'ko': '휠체어 접근이 용이합니다.'}, 'sfsName': {'en': 'Wheelchair accessible', 'ko': '휠체어 접근 가능'}, 'isChecked': True, 'sfsIconUrl': 'https://s3.ap-northeast-2.amazonaws.com/bfzido/images/facilities_icon/', 'sfsSortNum': 0, 'sfsIconName': 'icon_disabled.png', 'sfsIsEnabled': 'Y', 'sfsRegDatetime': '2018-06-28 18:30:00'}, {'sfsSeq': 9, 'sfsDesc': [], 'sfsName': {'en': 'The place is on the first floor.', 'ko': '해당 장소가 1층에 위치함'}, 'isChecked': True, 'sfsIconUrl': 'https://s3.ap-northeast-2.amazonaws.com/bfzido/images/facilities_icon/', 'sfsSortNum': 1, 'sfsIconName': 'icon_groundfloor.png', 'sfsIsEnabled': 'Y', 'sfsRegDatetime': '2018-06-28 18:30:00'}, {'sfsSeq': 11, 'sfsDesc': [], 'sfsName': {'en': 'Pet helpers allowed', 'ko': '애완견/도우미견 출입가능'}, 'isChecked': True, 'sfsIconUrl': 'https://s3.ap-northeast-2.amazonaws.com/bfzido/images/facilities_icon/', 'sfsSortNum': 3, 'sfsIconName': 'icon_pet.png', 'sfsIsEnabled': 'Y', 'sfsRegDatetime': '2018-06-28 18:30:00'}, {'sfsSeq': 13, 'sfsDesc': {'en': 'There must be no stairs on the way to the elevator, and the width of the elevator entrance must be at least 32 inches / 81 cm.', 'ko': '엘리베이터까지 이동하는데 계단이 없어야하며, 엘리베이터 입구의 가로 길이가 최소 32인치/81cm이어야 합니다.'}, 'sfsName': {'en': 'Elevator', 'ko': '엘리베이터 있음'}, 'isChecked': True, 'sfsIconUrl': 'https://s3.ap-northeast-2.amazonaws.com/bfzido/images/facilities_icon/', 'sfsSortNum': 5, 'sfsIconName': 'icon_elevator.png', 'sfsIsEnabled': 'Y', 'sfsRegDatetime': '2018-06-28 18:30:00'}, {'sfsSeq': 14, 'sfsDesc': [], 'sfsName': {'en': 'Free parking', 'ko': '건물 내 무료 주차 가능'}, 'isChecked': True, 'sfsIconUrl': 'https://s3.ap-northeast-2.amazonaws.com/bfzido/images/facilities_icon/', 'sfsSortNum': 6, 'sfsIconName': 'icon_parking.png', 'sfsIsEnabled': 'Y', 'sfsRegDatetime': '2018-06-28 18:30:00'}, {'sfsSeq': 16, 'sfsDesc': [], 'sfsName': {'en': 'Suitable for family / children', 'ko': '가족/어린이 이용에 적합'}, 'isChecked': True, 'sfsIconUrl': 'https://s3.ap-northeast-2.amazonaws.com/bfzido/images/facilities_icon/', 'sfsSortNum': 8, 'sfsIconName': 'icon_people.png', 'sfsIsEnabled': 'Y', 'sfsRegDatetime': '2018-06-28 18:30:00'}]",관저동,대전광역시 서구 관저로 184,35381.0,,,,16293539,16293539,True,느리울마을12단지아파트
9890bfbb107b6e060fd4eb9c88127b8420211209043924,bf,5.0,모퉁이어린이도서관,category5,36.395280150212,127.40516820816,,대전광역시 유성구 문지동,,3020014000,"{'openDays': ['mon', 'tue', 'wed', 'thu', 'fri', 'sat'], 'openTime': '10:00', 'closeTime': '18:00'}","{'openTime': '', 'closeDays': '', 'closeTime': ''}","일요일, 공휴일 휴무",0428616296,,Y,3,junmin5@naver.com,email,2021-12-09 04:39:24,0,0,"[{'sfsSeq': 8, 'sfsDesc': {'en': 'Easily accessible for Wheelchairs.', 'ko': '휠체어 접근이 용이합니다.'}, 'sfsName': {'en': 'Wheelchair accessible', 'ko': '휠체어 접근 가능'}, 'isChecked': True, 'sfsIconUrl': 'https://s3.ap-northeast-2.amazonaws.com/bfzido/images/facilities_icon/', 'sfsSortNum': 0, 'sfsIconName': 'icon_disabled.png', 'sfsIsEnabled': 'Y', 'sfsRegDatetime': '2018-06-28 18:30:00'}, {'sfsSeq': 9, 'sfsDesc': [], 'sfsName': {'en': 'The place is on the first floor.', 'ko': '해당 장소가 1층에 위치함'}, 'isChecked': True, 'sfsIconUrl': 'https://s3.ap-northeast-2.amazonaws.com/bfzido/images/facilities_icon/', 'sfsSortNum': 1, 'sfsIconName': 'icon_groundfloor.png', 'sfsIsEnabled': 'Y', 'sfsRegDatetime': '2018-06-28 18:30:00'}, {'sfsSeq': 10, 'sfsDesc': [], 'sfsName': {'en': 'Disabled toilet available', 'ko': '장애인 화장실 있음'}, 'isChecked': True, 'sfsIconUrl': 'https://s3.ap-northeast-2.amazonaws.com/bfzido/images/facilities_icon/', 'sfsSortNum': 2, 'sfsIconName': 'icon_restroom.png', 'sfsIsEnabled': 'Y', 'sfsRegDatetime': '2018-06-28 18:30:00'}, {'sfsSeq': 13, 'sfsDesc': {'en': 'There must be no stairs on the way to the elevator, and the width of the elevator entrance must be at least 32 inches / 81 cm.', 'ko': '엘리베이터까지 이동하는데 계단이 없어야하며, 엘리베이터 입구의 가로 길이가 최소 32인치/81cm이어야 합니다.'}, 'sfsName': {'en': 'Elevator', 'ko': '엘리베이터 있음'}, 'isChecked': True, 'sfsIconUrl': 'https://s3.ap-northeast-2.amazonaws.com/bfzido/images/facilities_icon/', 'sfsSortNum': 5, 'sfsIconName': 'icon_elevator.png', 'sfsIsEnabled': 'Y', 'sfsRegDatetime': '2018-06-28 18:30:00'}, {'sfsSeq': 14, 'sfsDesc': [], 'sfsName': {'en': 'Free parking', 'ko': '건물 내 무료 주차 가능'}, 'isChecked': True, 'sfsIconUrl': 'https://s3.ap-northeast-2.amazonaws.com/bfzido/images/facilities_icon/', 'sfsSortNum': 6, 'sfsIconName': 'icon_parking.png', 'sfsIsEnabled': 'Y', 'sfsRegDatetime': '2018-06-28 18:30:00'}, {'sfsSeq': 15, 'sfsDesc': {'en': 'The Internet connection is stable', 'ko': '해당 장소에서 인터넷이 끊임없이 연결'}, 'sfsName': {'en': 'Wifi zone', 'ko': '무료 무선 인터넷 가능'}, 'isChecked': True, 'sfsIconUrl': 'https://s3.ap-northeast-2.amazonaws.com/bfzido/images/facilities_icon/', 'sfsSortNum': 7, 'sfsIconName': 'icon_wifi.png', 'sfsIsEnabled': 'Y', 'sfsRegDatetime': '2018-06-28 18:30:00'}, {'sfsSeq': 16, 'sfsDesc': [], 'sfsName': {'en': 'Suitable for family / children', 'ko': '가족/어린이 이용에 적합'}, 'isChecked': True, 'sfsIconUrl': 'https://s3.ap-northeast-2.amazonaws.com/bfzido/images/facilities_icon/', 'sfsSortNum': 8, 'sfsIconName': 'icon_people.png', 'sfsIsEnabled': 'Y', 'sfsRegDatetime': '2018-06-28 18:30:00'}]",문지동,대전광역시 유성구 엑스포로 438,34050.0,,,,11591819,11591819,True,모퉁이어린이도서관
cbc9078eb4536cec792e2d207e1f393820211126083321,bf,5.0,초록마을 전민점,category7,36.399853350976,127.4072207732,,대전광역시 유성구 전민동,,3020014100,"{'openDays': ['mon', 'tue', 'wed', 'thu', 'fri', 'sat', 'sun'], 'openTime': '10:00', 'closeTime': '21:00'}","{'openTime': '', 'closeDays': '', 'closeTime': ''}",일요일만 저녁 8시에 문닫아요!,0428626225,,Y,0,junmin5@naver.com,email,2021-11-26 08:33:21,0,0,"[{'sfsSeq': 8, 'sfsDesc': {'en': 'Easily accessible for Wheelchairs.', 'ko': '휠체어 접근이 용이합니다.'}, 'sfsName': {'en': 'Wheelchair accessible', 'ko': '휠체어 접근 가능'}, 'isChecked': True, 'sfsIconUrl': 'https://s3.ap-northeast-2.amazonaws.com/bfzido/images/facilities_icon/', 'sfsSortNum': 0, 'sfsIconName': 'icon_disabled.png', 'sfsIsEnabled': 'Y', 'sfsRegDatetime': '2018-06-28 18:30:00'}, {'sfsSeq': 9, 'sfsDesc': [], 'sfsName': {'en': 'The place is on the first floor.', 'ko': '해당 장소가 1층에 위치함'}, 'isChecked': True, 'sfsIconUrl': 'https://s3.ap-northeast-2.amazonaws.com/bfzido/images/facilities_icon/', 'sfsSortNum': 1, 'sfsIconName': 'icon_groundfloor.png', 'sfsIsEnabled': 'Y', 'sfsRegDatetime': '2018-06-28 18:30:00'}, {'sfsSeq': 16, 'sfsDesc': [], 'sfsName': {'en': 'Suitable for family / children', 'ko': '가족/어린이 이용에 적합'}, 'isChecked': True, 'sfsIconUrl': 'https://s3.ap-northeast-2.amazonaws.com/bfzido/images/facilities_icon/', 'sfsSortNum': 8, 'sfsIconName': 'icon_people.png', 'sfsIsEnabled': 'Y', 'sfsRegDatetime': '2018-06-28 18:30:00'}]",전민동,대전광역시 유성구 엑스포로 448,34049.0,,,,30831051,30831051,True,초록마을 전민점
14c24ba13e860cfa31bc909415f4b31220211126063931,bf,5.0,전민동 행정복지센터,category5,36.399975566881,127.40039222296,,대전광역시 유성구 전민동,,3020014100,"{'openDays': ['mon', 'tue', 'wed', 'thu', 'fri'], 'openTime': '09:00', 'closeTime': '18:00'}","{'openTime': '', 'closeDays': '', 'closeTime': ''}",,0426116800,,Y,14,junmin5@naver.com,email,2021-11-26 06:39:31,0,0,"[{'sfsSeq': 8, 'sfsDesc': {'en': 'Easily accessible for Wheelchairs.', 'ko': '휠체어 접근이 용이합니다.'}, 'sfsName': {'en': 'Wheelchair accessible', 'ko': '휠체어 접근 가능'}, 'isChecked': True, 'sfsIconUrl': 'https://s3.ap-northeast-2.amazonaws.com/bfzido/images/facilities_icon/', 'sfsSortNum': 0, 'sfsIconName': 'icon_disabled.png', 'sfsIsEnabled': 'Y', 'sfsRegDatetime': '2018-06-28 18:30:00'}, {'sfsSeq': 9, 'sfsDesc': [], 'sfsName': {'en': 'The place is on the first floor.', 'ko': '해당 장소가 1층에 위치함'}, 'isChecked': True, 'sfsIconUrl': 'https://s3.ap-northeast-2.amazonaws.com/bfzido/images/facilities_icon/', 'sfsSortNum': 1, 'sfsIconName': 'icon_groundfloor.png', 'sfsIsEnabled': 'Y', 'sfsRegDatetime': '2018-06-28 18:30:00'}, {'sfsSeq': 10, 'sfsDesc': [], 'sfsName': {'en': 'Disabled toilet available', 'ko': '장애인 화장실 있음'}, 'isChecked': True, 'sfsIconUrl': 'https://s3.ap-northeast-2.amazonaws.com/bfzido/images/facilities_icon/', 'sfsSortNum': 2, 'sfsIconName': 'icon_restroom.png', 'sfsIsEnabled': 'Y', 'sfsRegDatetime': '2018-06-28 18:30:00'}, {'sfsSeq': 11, 'sfsDesc': [], 'sfsName': {'en': 'Pet helpers allowed', 'ko': '애완견/도우미견 출입가능'}, 'isChecked': True, 'sfsIconUrl': 'https://s3.ap-northeast-2.amazonaws.com/bfzido/images/facilities_icon/', 'sfsSortNum': 3, 'sfsIconName': 'icon_pet.png', 'sfsIsEnabled': 'Y', 'sfsRegDatetime': '2018-06-28 18:30:00'}, {'sfsSeq': 13, 'sfsDesc': {'en': 'There must be no stairs on the way to the elevator, and the width of the elevator entrance must be at least 32 inches / 81 cm.', 'ko': '엘리베이터까지 이동하는데 계단이 없어야하며, 엘리베이터 입구의 가로 길이가 최소 32인치/81cm이어야 합니다.'}, 'sfsName': {'en': 'Elevator', 'ko': '엘리베이터 있음'}, 'isChecked': True, 'sfsIconUrl': 'https://s3.ap-northeast-2.amazonaws.com/bfzido/images/facilities_icon/', 'sfsSortNum': 5, 'sfsIconName': 'icon_elevator.png', 'sfsIsEnabled': 'Y', 'sfsRegDatetime': '2018-06-28 18:30:00'}, {'sfsSeq': 14, 'sfsDesc': [], 'sfsName': {'en': 'Free parking', 'ko': '건물 내 무료 주차 가능'}, 'isChecked': True, 'sfsIconUrl': 'https://s3.ap-northeast-2.amazonaws.com/bfzido/images/facilities_icon/', 'sfsSortNum': 6, 'sfsIconName': 'icon_parking.png', 'sfsIsEnabled': 'Y', 'sfsRegDatetime': '2018-06-28 18:30:00'}, {'sfsSeq': 15, 'sfsDesc': {'en': 'The Internet connection is stable', 'ko': '해당 장소에서 인터넷이 끊임없이 연결'}, 'sfsName': {'en': 'Wifi zone', 'ko': '무료 무선 인터넷 가능'}, 'isChecked': True, 'sfsIconUrl': 'https://s3.ap-northeast-2.amazonaws.com/bfzido/images/facilities_icon/', 'sfsSortNum': 7, 'sfsIconName': 'icon_wifi.png', 'sfsIsEnabled': 'Y', 'sfsRegDatetime': '2018-06-28 18:30:00'}, {'sfsSeq': 16, 'sfsDesc': [], 'sfsName': {'en': 'Suitable for family / children', 'ko': '가족/어린이 이용에 적합'}, 'isChecked': True, 'sfsIconUrl': 'https://s3.ap-northeast-2.amazonaws.com/bfzido/images/facilities_icon/', 'sfsSortNum': 8, 'sfsIconName': 'icon_people.png', 'sfsIsEnabled': 'Y', 'sfsRegDatetime': '2018-06-28 18:30:00'}]",전민동,대전광역시 유성구 유성대로 1719,34048.0,,,,11813069,11813069,True,전민동 행정복지센터
04070d9354b56491fa937a7b3490720c20211022021949,bf,5.0,미소약국,category2,36.3464807,127.3363185,,대전광역시 서구 갈마로245,,3020011500,"{'openDays': ['mon', 'tue', 'wed', 'thu', 'fri', 'sat'], 'openTime': '09:00', 'closeTime': '18:00'}","{'openTime': '', 'closeDays': '', 'closeTime': ''}",토요일은 1까지,0425286688,,Y,3,jh01279@naver.com,kakaotalk,2021-10-22 02:19:49,0,0,"[{'sfsSeq': 8, 'sfsDesc': {'en': 'Easily accessible for Wheelchairs.', 'ko': '휠체어 접근이 용이합니다.'}, 'sfsName': {'en': 'Wheelchair accessible', 'ko': '휠체어 접근 가능'}, 'isChecked': True, 'sfsIconUrl': 'https://s3.ap-northeast-2.amazonaws.com/bfzido/images/facilities_icon/', 'sfsSortNum': 0, 'sfsIconName': 'icon_disabled.png', 'sfsIsEnabled': 'Y', 'sfsRegDatetime': '2018-06-28 18:30:00'}, {'sfsSeq': 9, 'sfsDesc': [], 'sfsName': {'en': 'The place is on the first floor.', 'ko': '해당 장소가 1층에 위치함'}, 'isChecked': True, 'sfsIconUrl': 'https://s3.ap-northeast-2.amazonaws.com/bfzido/images/facilities_icon/', 'sfsSortNum': 1, 'sfsIconName': 'icon_groundfloor.png', 'sfsIsEnabled': 'Y', 'sfsRegDatetime': '2018-06-28 18:30:00'}, {'sfsSeq': 11, 'sfsDesc': [], 'sfsName': {'en': 'Pet helpers allowed', 'ko': '애완견/도우미견 출입가능'}, 'isChecked': True, 'sfsIconUrl': 'https://s3.ap-northeast-2.amazonaws.com/bfzido/images/facilities_icon/', 'sfsSortNum': 3, 'sfsIconName': 'icon_pet.png', 'sfsIsEnabled': 'Y', 'sfsRegDatetime': '2018-06-28 18:30:00'}, {'sfsSeq': 14, 'sfsDesc': [], 'sfsName': {'en': 'Free parking', 'ko': '건물 내 무료 주차 가능'}, 'isChecked': True, 'sfsIconUrl': 'https://s3.ap-northeast-2.amazonaws.com/bfzido/images/facilities_icon/', 'sfsSortNum': 6, 'sfsIconName': 'icon_parking.png', 'sfsIsEnabled': 'Y', 'sfsRegDatetime': '2018-06-28 18:30:00'}, {'sfsSeq': 16, 'sfsDesc': [], 'sfsName': {'en': 'Suitable for family / children', 'ko': '가족/어린이 이용에 적합'}, 'isChecked': True, 'sfsIconUrl': 'https://s3.ap-northeast-2.amazonaws.com/bfzido/images/facilities_icon/', 'sfsSortNum': 8, 'sfsIconName': 'icon_people.png', 'sfsIsEnabled': 'Y', 'sfsRegDatetime': '2018-06-28 18:30:00'}]",상대동,대전광역시 유성구 상대로 40,34199.0,,,,34379818,34379818,different,미소약국
812bbe31b50ba92c67b6af38093a4bc120211021030226,bf,5.0,프라자약국,category2,36.3047541,127.3505077,,대전광역시 서구 계백로1141,,3017011500,"{'openDays': ['mon', 'tue', 'wed', 'thu', 'fri', 'sat'], 'openTime': '08:30', 'closeTime': '20:30'}","{'openTime': '', 'closeDays': '', 'closeTime': ''}",토요일 5시까지,0425433132,,Y,5,jh01279@naver.com,kakaotalk,2021-10-21 03:02:26,0,0,"[{'sfsSeq': 8, 'sfsDesc': {'en': 'Easily accessible for Wheelchairs.', 'ko': '휠체어 접근이 용이합니다.'}, 'sfsName': {'en': 'Wheelchair accessible', 'ko': '휠체어 접근 가능'}, 'isChecked': True, 'sfsIconUrl': 'https://s3.ap-northeast-2.amazonaws.com/bfzido/images/facilities_icon/', 'sfsSortNum': 0, 'sfsIconName': 'icon_disabled.png', 'sfsIsEnabled': 'Y', 'sfsRegDatetime': '2018-06-28 18:30:00'}, {'sfsSeq': 9, 'sfsDesc': [], 'sfsName': {'en': 'The place is on the first floor.', 'ko': '해당 장소가 1층에 위치함'}, 'isChecked': True, 'sfsIconUrl': 'https://s3.ap-northeast-2.amazonaws.com/bfzido/images/facilities_icon/', 'sfsSortNum': 1, 'sfsIconName': 'icon_groundfloor.png', 'sfsIsEnabled': 'Y', 'sfsRegDatetime': '2018-06-28 18:30:00'}, {'sfsSeq': 10, 'sfsDesc': [], 'sfsName': {'en': 'Disabled toilet available', 'ko': '장애인 화장실 있음'}, 'isChecked': True, 'sfsIconUrl': 'https://s3.ap-northeast-2.amazonaws.com/bfzido/images/facilities_icon/', 'sfsSortNum': 2, 'sfsIconName': 'icon_restroom.png', 'sfsIsEnabled': 'Y', 'sfsRegDatetime': '2018-06-28 18:30:00'}, {'sfsSeq': 11, 'sfsDesc': [], 'sfsName': {'en': 'Pet helpers allowed', 'ko': '애완견/도우미견 출입가능'}, 'isChecked': True, 'sfsIconUrl': 'https://s3.ap-northeast-2.amazonaws.com/bfzido/images/facilities_icon/', 'sfsSortNum': 3, 'sfsIconName': 'icon_pet.png', 'sfsIsEnabled': 'Y', 'sfsRegDatetime': '2018-06-28 18:30:00'}, {'sfsSeq': 12, 'sfsDesc': [], 'sfsName': {'en': 'Elevator for the disabled', 'ko': '장애인 엘리베이터 있음'}, 'isChecked': True, 'sfsIconUrl': 'https://s3.ap-northeast-2.amazonaws.com/bfzido/images/facilities_icon/', 'sfsSortNum': 4, 'sfsIconName': 'icon_disabledelevator.png', 'sfsIsEnabled': 'Y', 'sfsRegDatetime': '2018-06-28 18:30:00'}, {'sfsSeq': 13, 'sfsDesc': {'en': 'There must be no stairs on the way to the elevator, and the width of the elevator entrance must be at least 32 inches / 81 cm.', 'ko': '엘리베이터까지 이동하는데 계단이 없어야하며, 엘리베이터 입구의 가로 길이가 최소 32인치/81cm이어야 합니다.'}, 'sfsName': {'en': 'Elevator', 'ko': '엘리베이터 있음'}, 'isChecked': True, 'sfsIconUrl': 'https://s3.ap-northeast-2.amazonaws.com/bfzido/images/facilities_icon/', 'sfsSortNum': 5, 'sfsIconName': 'icon_elevator.png', 'sfsIsEnabled': 'Y', 'sfsRegDatetime': '2018-06-28 18:30:00'}, {'sfsSeq': 14, 'sfsDesc': [], 'sfsName': {'en': 'Free parking', 'ko': '건물 내 무료 주차 가능'}, 'isChecked': True, 'sfsIconUrl': 'https://s3.ap-northeast-2.amazonaws.com/bfzido/images/facilities_icon/', 'sfsSortNum': 6, 'sfsIconName': 'icon_parking.png', 'sfsIsEnabled': 'Y', 'sfsRegDatetime': '2018-06-28 18:30:00'}, {'sfsSeq': 16, 'sfsDesc': [], 'sfsName': {'en': 'Suitable for family / children', 'ko': '가족/어린이 이용에 적합'}, 'isChecked': True, 'sfsIconUrl': 'https://s3.ap-northeast-2.amazonaws.com/bfzido/images/facilities_icon/', 'sfsSortNum': 8, 'sfsIconName': 'icon_people.png', 'sfsIsEnabled': 'Y', 'sfsRegDatetime': '2018-06-28 18:30:00'}]",,,,,,,1017898094,1017898094,different,프라자약국
270a9ced279200db2f19a6a24c00425e20211013024215,bf,5.0,건양사랑약국,category2,36.3070431,127.3414073,,대전광역시 서구 관저동로164,,3017011600,"{'openDays': ['mon', 'tue', 'wed', 'thu', 'fri', 'sat'], 'openTime': '08:30', 'closeTime': '18:00'}","{'openTime': '', 'closeDays': '', 'closeTime': ''}",토요일 격주영업1시까지,0425430561,,Y,7,jh01279@naver.com,kakaotalk,2021-10-13 02:42:15,0,0,"[{'sfsSeq': 8, 'sfsDesc': {'en': 'Easily accessible for Wheelchairs.', 'ko': '휠체어 접근이 용이합니다.'}, 'sfsName': {'en': 'Wheelchair accessible', 'ko': '휠체어 접근 가능'}, 'isChecked': True, 'sfsIconUrl': 'https://s3.ap-northeast-2.amazonaws.com/bfzido/images/facilities_icon/', 'sfsSortNum': 0, 'sfsIconName': 'icon_disabled.png', 'sfsIsEnabled': 'Y', 'sfsRegDatetime': '2018-06-28 18:30:00'}, {'sfsSeq': 9, 'sfsDesc': [], 'sfsName': {'en': 'The place is on the first floor.', 'ko': '해당 장소가 1층에 위치함'}, 'isChecked': True, 'sfsIconUrl': 'https://s3.ap-northeast-2.amazonaws.com/bfzido/images/facilities_icon/', 'sfsSortNum': 1, 'sfsIconName': 'icon_groundfloor.png', 'sfsIsEnabled': 'Y', 'sfsRegDatetime': '2018-06-28 18:30:00'}, {'sfsSeq': 11, 'sfsDesc': [], 'sfsName': {'en': 'Pet helpers allowed', 'ko': '애완견/도우미견 출입가능'}, 'isChecked': True, 'sfsIconUrl': 'https://s3.ap-northeast-2.amazonaws.com/bfzido/images/facilities_icon/', 'sfsSortNum': 3, 'sfsIconName': 'icon_pet.png', 'sfsIsEnabled': 'Y', 'sfsRegDatetime': '2018-06-28 18:30:00'}, {'sfsSeq': 14, 'sfsDesc': [], 'sfsName': {'en': 'Free parking', 'ko': '건물 내 무료 주차 가능'}, 'isChecked': True, 'sfsIconUrl': 'https://s3.ap-northeast-2.amazonaws.com/bfzido/images/facilities_icon/', 'sfsSortNum': 6, 'sfsIconName': 'icon_parking.png', 'sfsIsEnabled': 'Y', 'sfsRegDatetime': '2018-06-28 18:30:00'}, {'sfsSeq': 16, 'sfsDesc': [], 'sfsName': {'en': 'Suitable for family / children', 'ko': '가족/어린이 이용에 적합'}, 'isChecked': True, 'sfsIconUrl': 'https://s3.ap-northeast-2.amazonaws.com/bfzido/images/facilities_icon/', 'sfsSortNum': 8, 'sfsIconName': 'icon_people.png', 'sfsIsEnabled': 'Y', 'sfsRegDatetime': '2018-06-28 18:30:00'}]",관저동,대전광역시 서구 관저동로 170,35365.0,,,,1244688793,1244688793,True,건양사랑약국
2e9817deb264a6edcd56053e49bed21720211013023038,bf,5.0,우리약국,category2,36.3068148,127.3412481,,대전광역시 서구 관저동,,3017011600,"{'openDays': ['mon', 'tue', 'wed', 'thu', 'fri', 'sat'], 'openTime': '08:30', 'closeTime': '18:00'}","{'openTime': '', 'closeDays': '', 'closeTime': ''}","토요일은 격주로 영업함1시까지
금요일은 6시30부까지함",0425423550,,Y,6,jh01279@naver.com,kakaotalk,2021-10-13 02:30:38,0,0,"[{'sfsSeq': 8, 'sfsDesc': {'en': 'Easily accessible for Wheelchairs.', 'ko': '휠체어 접근이 용이합니다.'}, 'sfsName': {'en': 'Wheelchair accessible', 'ko': '휠체어 접근 가능'}, 'isChecked': True, 'sfsIconUrl': 'https://s3.ap-northeast-2.amazonaws.com/bfzido/images/facilities_icon/', 'sfsSortNum': 0, 'sfsIconName': 'icon_disabled.png', 'sfsIsEnabled': 'Y', 'sfsRegDatetime': '2018-06-28 18:30:00'}, {'sfsSeq': 9, 'sfsDesc': [], 'sfsName': {'en': 'The place is on the first floor.', 'ko': '해당 장소가 1층에 위치함'}, 'isChecked': True, 'sfsIconUrl': 'https://s3.ap-northeast-2.amazonaws.com/bfzido/images/facilities_icon/', 'sfsSortNum': 1, 'sfsIconName': 'icon_groundfloor.png', 'sfsIsEnabled': 'Y', 'sfsRegDatetime': '2018-06-28 18:30:00'}, {'sfsSeq': 10, 'sfsDesc': [], 'sfsName': {'en': 'Disabled toilet available', 'ko': '장애인 화장실 있음'}, 'isChecked': True, 'sfsIconUrl': 'https://s3.ap-northeast-2.amazonaws.com/bfzido/images/facilities_icon/', 'sfsSortNum': 2, 'sfsIconName': 'icon_restroom.png', 'sfsIsEnabled': 'Y', 'sfsRegDatetime': '2018-06-28 18:30:00'}, {'sfsSeq': 11, 'sfsDesc': [], 'sfsName': {'en': 'Pet helpers allowed', 'ko': '애완견/도우미견 출입가능'}, 'isChecked': True, 'sfsIconUrl': 'https://s3.ap-northeast-2.amazonaws.com/bfzido/images/facilities_icon/', 'sfsSortNum': 3, 'sfsIconName': 'icon_pet.png', 'sfsIsEnabled': 'Y', 'sfsRegDatetime': '2018-06-28 18:30:00'}, {'sfsSeq': 12, 'sfsDesc': [], 'sfsName': {'en': 'Elevator for the disabled', 'ko': '장애인 엘리베이터 있음'}, 'isChecked': True, 'sfsIconUrl': 'https://s3.ap-northeast-2.amazonaws.com/bfzido/images/facilities_icon/', 'sfsSortNum': 4, 'sfsIconName': 'icon_disabledelevator.png', 'sfsIsEnabled': 'Y', 'sfsRegDatetime': '2018-06-28 18:30:00'}, {'sfsSeq': 13, 'sfsDesc': {'en': 'There must be no stairs on the way to the elevator, and the width of the elevator entrance must be at least 32 inches / 81 cm.', 'ko': '엘리베이터까지 이동하는데 계단이 없어야하며, 엘리베이터 입구의 가로 길이가 최소 32인치/81cm이어야 합니다.'}, 'sfsName': {'en': 'Elevator', 'ko': '엘리베이터 있음'}, 'isChecked': True, 'sfsIconUrl': 'https://s3.ap-northeast-2.amazonaws.com/bfzido/images/facilities_icon/', 'sfsSortNum': 5, 'sfsIconName': 'icon_elevator.png', 'sfsIsEnabled': 'Y', 'sfsRegDatetime': '2018-06-28 18:30:00'}, {'sfsSeq': 14, 'sfsDesc': [], 'sfsName': {'en': 'Free parking', 'ko': '건물 내 무료 주차 가능'}, 'isChecked': True, 'sfsIconUrl': 'https://s3.ap-northeast-2.amazonaws.com/bfzido/images/facilities_icon/', 'sfsSortNum': 6, 'sfsIconName': 'icon_parking.png', 'sfsIsEnabled': 'Y', 'sfsRegDatetime': '2018-06-28 18:30:00'}, {'sfsSeq': 15, 'sfsDesc': {'en': 'The Internet connection is stable', 'ko': '해당 장소에서 인터넷이 끊임없이 연결'}, 'sfsName': {'en': 'Wifi zone', 'ko': '무료 무선 인터넷 가능'}, 'isChecked': True, 'sfsIconUrl': 'https://s3.ap-northeast-2.amazonaws.com/bfzido/images/facilities_icon/', 'sfsSortNum': 7, 'sfsIconName': 'icon_wifi.png', 'sfsIsEnabled': 'Y', 'sfsRegDatetime': '2018-06-28 18:30:00'}, {'sfsSeq': 16, 'sfsDesc': [], 'sfsName': {'en': 'Suitable for family / children', 'ko': '가족/어린이 이용에 적합'}, 'isChecked': True, 'sfsIconUrl': 'https://s3.ap-northeast-2.amazonaws.com/bfzido/images/facilities_icon/', 'sfsSortNum': 8, 'sfsIconName': 'icon_people.png', 'sfsIsEnabled': 'Y', 'sfsRegDatetime': '2018-06-28 18:30:00'}]",관저동,대전광역시 서구 관저동로 164,35365.0,,,,1703132743,1703132743,True,관저우리약국
d74d1ba61e925358820832ff4856f5db20211013021130,bf,5.0,건양행복약국,category2,36.306792852062,127.34126337367,,대전광역시 서구 관저동로162,,3017011600,"{'openDays': ['mon', 'tue', 'wed', 'thu', 'fri', 'sat'], 'openTime': '08:30', 'closeTime': '06:00'}","{'openTime': '', 'closeDays': '', 'closeTime': ''}",토요일 격주로 쉼 1까지 영업함,0425416331,,Y,7,jh01279@naver.com,kakaotalk,2021-10-13 02:11:30,0,0,"[{'sfsSeq': 8, 'sfsDesc': {'en': 'Easily accessible for Wheelchairs.', 'ko': '휠체어 접근이 용이합니다.'}, 'sfsName': {'en': 'Wheelchair accessible', 'ko': '휠체어 접근 가능'}, 'isChecked': True, 'sfsIconUrl': 'https://s3.ap-northeast-2.amazonaws.com/bfzido/images/facilities_icon/', 'sfsSortNum': 0, 'sfsIconName': 'icon_disabled.png', 'sfsIsEnabled': 'Y', 'sfsRegDatetime': '2018-06-28 18:30:00'}, {'sfsSeq': 9, 'sfsDesc': [], 'sfsName': {'en': 'The place is on the first floor.', 'ko': '해당 장소가 1층에 위치함'}, 'isChecked': True, 'sfsIconUrl': 'https://s3.ap-northeast-2.amazonaws.com/bfzido/images/facilities_icon/', 'sfsSortNum': 1, 'sfsIconName': 'icon_groundfloor.png', 'sfsIsEnabled': 'Y', 'sfsRegDatetime': '2018-06-28 18:30:00'}, {'sfsSeq': 10, 'sfsDesc': [], 'sfsName': {'en': 'Disabled toilet available', 'ko': '장애인 화장실 있음'}, 'isChecked': True, 'sfsIconUrl': 'https://s3.ap-northeast-2.amazonaws.com/bfzido/images/facilities_icon/', 'sfsSortNum': 2, 'sfsIconName': 'icon_restroom.png', 'sfsIsEnabled': 'Y', 'sfsRegDatetime': '2018-06-28 18:30:00'}, {'sfsSeq': 11, 'sfsDesc': [], 'sfsName': {'en': 'Pet helpers allowed', 'ko': '애완견/도우미견 출입가능'}, 'isChecked': True, 'sfsIconUrl': 'https://s3.ap-northeast-2.amazonaws.com/bfzido/images/facilities_icon/', 'sfsSortNum': 3, 'sfsIconName': 'icon_pet.png', 'sfsIsEnabled': 'Y', 'sfsRegDatetime': '2018-06-28 18:30:00'}, {'sfsSeq': 12, 'sfsDesc': [], 'sfsName': {'en': 'Elevator for the disabled', 'ko': '장애인 엘리베이터 있음'}, 'isChecked': True, 'sfsIconUrl': 'https://s3.ap-northeast-2.amazonaws.com/bfzido/images/facilities_icon/', 'sfsSortNum': 4, 'sfsIconName': 'icon_disabledelevator.png', 'sfsIsEnabled': 'Y', 'sfsRegDatetime': '2018-06-28 18:30:00'}, {'sfsSeq': 13, 'sfsDesc': {'en': 'There must be no stairs on the way to the elevator, and the width of the elevator entrance must be at least 32 inches / 81 cm.', 'ko': '엘리베이터까지 이동하는데 계단이 없어야하며, 엘리베이터 입구의 가로 길이가 최소 32인치/81cm이어야 합니다.'}, 'sfsName': {'en': 'Elevator', 'ko': '엘리베이터 있음'}, 'isChecked': True, 'sfsIconUrl': 'https://s3.ap-northeast-2.amazonaws.com/bfzido/images/facilities_icon/', 'sfsSortNum': 5, 'sfsIconName': 'icon_elevator.png', 'sfsIsEnabled': 'Y', 'sfsRegDatetime': '2018-06-28 18:30:00'}, {'sfsSeq': 14, 'sfsDesc': [], 'sfsName': {'en': 'Free parking', 'ko': '건물 내 무료 주차 가능'}, 'isChecked': True, 'sfsIconUrl': 'https://s3.ap-northeast-2.amazonaws.com/bfzido/images/facilities_icon/', 'sfsSortNum': 6, 'sfsIconName': 'icon_parking.png', 'sfsIsEnabled': 'Y', 'sfsRegDatetime': '2018-06-28 18:30:00'}, {'sfsSeq': 16, 'sfsDesc': [], 'sfsName': {'en': 'Suitable for family / children', 'ko': '가족/어린이 이용에 적합'}, 'isChecked': True, 'sfsIconUrl': 'https://s3.ap-northeast-2.amazonaws.com/bfzido/images/facilities_icon/', 'sfsSortNum': 8, 'sfsIconName': 'icon_people.png', 'sfsIsEnabled': 'Y', 'sfsRegDatetime': '2018-06-28 18:30:00'}]",관저동,대전광역시 서구 관저동로 164,35365.0,,,,21076651,21076651,True,건양행복약국
98fdf58bb6f9f9477d6ed2b20119fcbe20210803105809,bf,5.0,신한은행 365 바로바로코너,category7,36.426367438677,127.39048883328,,대전광역시 유성구 관평동,,3020014600,"{'openDays': ['mon', 'tue', 'wed', 'thu', 'fri', 'sat', 'sun'], 'openTime': '07:00', 'closeTime': '23:30'}","{'openTime': '', 'closeDays': '', 'closeTime': ''}",,0429652141,,Y,10,dahyee0218@daum.net,kakaotalk,2021-08-03 10:58:09,0,0,"[{'sfsSeq': 8, 'sfsDesc': {'en': 'Easily accessible for Wheelchairs.', 'ko': '휠체어 접근이 용이합니다.'}, 'sfsName': {'en': 'Wheelchair accessible', 'ko': '휠체어 접근 가능'}, 'isChecked': True, 'sfsIconUrl': 'https://s3.ap-northeast-2.amazonaws.com/bfzido/images/facilities_icon/', 'sfsSortNum': 0, 'sfsIconName': 'icon_disabled.png', 'sfsIsEnabled': 'Y', 'sfsRegDatetime': '2018-06-28 18:30:00'}, {'sfsSeq': 9, 'sfsDesc': [], 'sfsName': {'en': 'The place is on the first floor.', 'ko': '해당 장소가 1층에 위치함'}, 'isChecked': True, 'sfsIconUrl': 'https://s3.ap-northeast-2.amazonaws.com/bfzido/images/facilities_icon/', 'sfsSortNum': 1, 'sfsIconName': 'icon_groundfloor.png', 'sfsIsEnabled': 'Y', 'sfsRegDatetime': '2018-06-28 18:30:00'}, {'sfsSeq': 10, 'sfsDesc': [], 'sfsName': {'en': 'Disabled toilet available', 'ko': '장애인 화장실 있음'}, 'isChecked': True, 'sfsIconUrl': 'https://s3.ap-northeast-2.amazonaws.com/bfzido/images/facilities_icon/', 'sfsSortNum': 2, 'sfsIconName': 'icon_restroom.png', 'sfsIsEnabled': 'Y', 'sfsRegDatetime': '2018-06-28 18:30:00'}, {'sfsSeq': 11, 'sfsDesc': [], 'sfsName': {'en': 'Pet helpers allowed', 'ko': '애완견/도우미견 출입가능'}, 'isChecked': True, 'sfsIconUrl': 'https://s3.ap-northeast-2.amazonaws.com/bfzido/images/facilities_icon/', 'sfsSortNum': 3, 'sfsIconName': 'icon_pet.png', 'sfsIsEnabled': 'Y', 'sfsRegDatetime': '2018-06-28 18:30:00'}, {'sfsSeq': 12, 'sfsDesc': [], 'sfsName': {'en': 'Elevator for the disabled', 'ko': '장애인 엘리베이터 있음'}, 'isChecked': True, 'sfsIconUrl': 'https://s3.ap-northeast-2.amazonaws.com/bfzido/images/facilities_icon/', 'sfsSortNum': 4, 'sfsIconName': 'icon_disabledelevator.png', 'sfsIsEnabled': 'Y', 'sfsRegDatetime': '2018-06-28 18:30:00'}, {'sfsSeq': 13, 'sfsDesc': {'en': 'There must be no stairs on the way to the elevator, and the width of the elevator entrance must be at least 32 inches / 81 cm.', 'ko': '엘리베이터까지 이동하는데 계단이 없어야하며, 엘리베이터 입구의 가로 길이가 최소 32인치/81cm이어야 합니다.'}, 'sfsName': {'en': 'Elevator', 'ko': '엘리베이터 있음'}, 'isChecked': True, 'sfsIconUrl': 'https://s3.ap-northeast-2.amazonaws.com/bfzido/images/facilities_icon/', 'sfsSortNum': 5, 'sfsIconName': 'icon_elevator.png', 'sfsIsEnabled': 'Y', 'sfsRegDatetime': '2018-06-28 18:30:00'}, {'sfsSeq': 16, 'sfsDesc': [], 'sfsName': {'en': 'Suitable for family / children', 'ko': '가족/어린이 이용에 적합'}, 'isChecked': True, 'sfsIconUrl': 'https://s3.ap-northeast-2.amazonaws.com/bfzido/images/facilities_icon/', 'sfsSortNum': 8, 'sfsIconName': 'icon_people.png', 'sfsIsEnabled': 'Y', 'sfsRegDatetime': '2018-06-28 18:30:00'}]",관평동,대전광역시 유성구 테크노중앙로 50,34018.0,,,,,,no_result,
6507e373918e81c7caedc3c85480a63220210803104653,bf,5.0,스타벅스 대전관평동점,category1,36.42547712714,127.39267555998,,대전광역시 유성구 관평동,,3020014600,"{'openDays': ['mon', 'tue', 'wed', 'thu', 'fri', 'sat', 'sun'], 'openTime': '07:00', 'closeTime': '22:00'}","{'openTime': '', 'closeDays': '', 'closeTime': ''}",,15223232,,Y,6,dahyee0218@daum.net,kakaotalk,2021-08-03 10:46:53,0,0,"[{'sfsSeq': 8, 'sfsDesc': {'en': 'Easily accessible for Wheelchairs.', 'ko': '휠체어 접근이 용이합니다.'}, 'sfsName': {'en': 'Wheelchair accessible', 'ko': '휠체어 접근 가능'}, 'isChecked': True, 'sfsIconUrl': 'https://s3.ap-northeast-2.amazonaws.com/bfzido/images/facilities_icon/', 'sfsSortNum': 0, 'sfsIconName': 'icon_disabled.png', 'sfsIsEnabled': 'Y', 'sfsRegDatetime': '2018-06-28 18:30:00'}, {'sfsSeq': 9, 'sfsDesc': [], 'sfsName': {'en': 'The place is on the first floor.', 'ko': '해당 장소가 1층에 위치함'}, 'isChecked': True, 'sfsIconUrl': 'https://s3.ap-northeast-2.amazonaws.com/bfzido/images/facilities_icon/', 'sfsSortNum': 1, 'sfsIconName': 'icon_groundfloor.png', 'sfsIsEnabled': 'Y', 'sfsRegDatetime': '2018-06-28 18:30:00'}, {'sfsSeq': 11, 'sfsDesc': [], 'sfsName': {'en': 'Pet helpers allowed', 'ko': '애완견/도우미견 출입가능'}, 'isChecked': True, 'sfsIconUrl': 'https://s3.ap-northeast-2.amazonaws.com/bfzido/images/facilities_icon/', 'sfsSortNum': 3, 'sfsIconName': 'icon_pet.png', 'sfsIsEnabled': 'Y', 'sfsRegDatetime': '2018-06-28 18:30:00'}, {'sfsSeq': 14, 'sfsDesc': [], 'sfsName': {'en': 'Free parking', 'ko': '건물 내 무료 주차 가능'}, 'isChecked': True, 'sfsIconUrl': 'https://s3.ap-northeast-2.amazonaws.com/bfzido/images/facilities_icon/', 'sfsSortNum': 6, 'sfsIconName': 'icon_parking.png', 'sfsIsEnabled': 'Y', 'sfsRegDatetime': '2018-06-28 18:30:00'}, {'sfsSeq': 15, 'sfsDesc': {'en': 'The Internet connection is stable', 'ko': '해당 장소에서 인터넷이 끊임없이 연결'}, 'sfsName': {'en': 'Wifi zone', 'ko': '무료 무선 인터넷 가능'}, 'isChecked': True, 'sfsIconUrl': 'https://s3.ap-northeast-2.amazonaws.com/bfzido/images/facilities_icon/', 'sfsSortNum': 7, 'sfsIconName': 'icon_wifi.png', 'sfsIsEnabled': 'Y', 'sfsRegDatetime': '2018-06-28 18:30:00'}, {'sfsSeq': 16, 'sfsDesc': [], 'sfsName': {'en': 'Suitable for family / children', 'ko': '가족/어린이 이용에 적합'}, 'isChecked': True, 'sfsIconUrl': 'https://s3.ap-northeast-2.amazonaws.com/bfzido/images/facilities_icon/', 'sfsSortNum': 8, 'sfsIconName': 'icon_people.png', 'sfsIsEnabled': 'Y', 'sfsRegDatetime': '2018-06-28 18:30:00'}]",관평동,대전광역시 유성구 테크노중앙로 68,34018.0,,,,36267146,36267146,True,스타벅스 대전관평동점
f843b61513d64aa53542152962c1044020210720162314,bf,5.0,스타벅스 대전테크노밸리점,category1,36.425216573301,127.38968577138,,대전광역시 유성구 관평동,,3020014600,"{'openDays': ['mon', 'tue', 'wed', 'thu', 'fri'], 'openTime': '07:00', 'closeTime': '10:00'}","{'openTime': '', 'closeDays': '', 'closeTime': ''}",,15223232,,Y,11,dahyee0218@daum.net,kakaotalk,2021-07-20 16:23:14,0,0,"[{'sfsSeq': 8, 'sfsDesc': {'en': 'Easily accessible for Wheelchairs.', 'ko': '휠체어 접근이 용이합니다.'}, 'sfsName': {'en': 'Wheelchair accessible', 'ko': '휠체어 접근 가능'}, 'isChecked': True, 'sfsIconUrl': 'https://s3.ap-northeast-2.amazonaws.com/bfzido/images/facilities_icon/', 'sfsSortNum': 0, 'sfsIconName': 'icon_disabled.png', 'sfsIsEnabled': 'Y', 'sfsRegDatetime': '2018-06-28 18:30:00'}, {'sfsSeq': 9, 'sfsDesc': [], 'sfsName': {'en': 'The place is on the first floor.', 'ko': '해당 장소가 1층에 위치함'}, 'isChecked': True, 'sfsIconUrl': 'https://s3.ap-northeast-2.amazonaws.com/bfzido/images/facilities_icon/', 'sfsSortNum': 1, 'sfsIconName': 'icon_groundfloor.png', 'sfsIsEnabled': 'Y', 'sfsRegDatetime': '2018-06-28 18:30:00'}, {'sfsSeq': 10, 'sfsDesc': [], 'sfsName': {'en': 'Disabled toilet available', 'ko': '장애인 화장실 있음'}, 'isChecked': True, 'sfsIconUrl': 'https://s3.ap-northeast-2.amazonaws.com/bfzido/images/facilities_icon/', 'sfsSortNum': 2, 'sfsIconName': 'icon_restroom.png', 'sfsIsEnabled': 'Y', 'sfsRegDatetime': '2018-06-28 18:30:00'}, {'sfsSeq': 11, 'sfsDesc': [], 'sfsName': {'en': 'Pet helpers allowed', 'ko': '애완견/도우미견 출입가능'}, 'isChecked': True, 'sfsIconUrl': 'https://s3.ap-northeast-2.amazonaws.com/bfzido/images/facilities_icon/', 'sfsSortNum': 3, 'sfsIconName': 'icon_pet.png', 'sfsIsEnabled': 'Y', 'sfsRegDatetime': '2018-06-28 18:30:00'}, {'sfsSeq': 12, 'sfsDesc': [], 'sfsName': {'en': 'Elevator for the disabled', 'ko': '장애인 엘리베이터 있음'}, 'isChecked': True, 'sfsIconUrl': 'https://s3.ap-northeast-2.amazonaws.com/bfzido/images/facilities_icon/', 'sfsSortNum': 4, 'sfsIconName': 'icon_disabledelevator.png', 'sfsIsEnabled': 'Y', 'sfsRegDatetime': '2018-06-28 18:30:00'}, {'sfsSeq': 13, 'sfsDesc': {'en': 'There must be no stairs on the way to the elevator, and the width of the elevator entrance must be at least 32 inches / 81 cm.', 'ko': '엘리베이터까지 이동하는데 계단이 없어야하며, 엘리베이터 입구의 가로 길이가 최소 32인치/81cm이어야 합니다.'}, 'sfsName': {'en': 'Elevator', 'ko': '엘리베이터 있음'}, 'isChecked': True, 'sfsIconUrl': 'https://s3.ap-northeast-2.amazonaws.com/bfzido/images/facilities_icon/', 'sfsSortNum': 5, 'sfsIconName': 'icon_elevator.png', 'sfsIsEnabled': 'Y', 'sfsRegDatetime': '2018-06-28 18:30:00'}, {'sfsSeq': 15, 'sfsDesc': {'en': 'The Internet connection is stable', 'ko': '해당 장소에서 인터넷이 끊임없이 연결'}, 'sfsName': {'en': 'Wifi zone', 'ko': '무료 무선 인터넷 가능'}, 'isChecked': True, 'sfsIconUrl': 'https://s3.ap-northeast-2.amazonaws.com/bfzido/images/facilities_icon/', 'sfsSortNum': 7, 'sfsIconName': 'icon_wifi.png', 'sfsIsEnabled': 'Y', 'sfsRegDatetime': '2018-06-28 18:30:00'}, {'sfsSeq': 16, 'sfsDesc': [], 'sfsName': {'en': 'Suitable for family / children', 'ko': '가족/어린이 이용에 적합'}, 'isChecked': True, 'sfsIconUrl': 'https://s3.ap-northeast-2.amazonaws.com/bfzido/images/facilities_icon/', 'sfsSortNum': 8, 'sfsIconName': 'icon_people.png', 'sfsIsEnabled': 'Y', 'sfsRegDatetime': '2018-06-28 18:30:00'}]",관평동,대전광역시 유성구 테크노4로 105,34018.0,,,,30847362,30847362,True,스타벅스 대전테크노밸리점
ac24ab05e58bd77f2121fe4c556b0d8620210720161316,bf,5.0,IBK 기업은행 대덕테크노밸리점,category9,36.424843333307,127.38945809889,,대전광역시 유성구 관평동,,3020014600,"{'openDays': ['mon', 'tue', 'wed', 'thu', 'fri'], 'openTime': '09:00', 'closeTime': '16:00'}","{'openTime': '', 'closeDays': '', 'closeTime': ''}",,0426716662,,Y,7,dahyee0218@daum.net,kakaotalk,2021-07-20 16:13:16,0,0,"[{'sfsSeq': 8, 'sfsDesc': {'en': 'Easily accessible for Wheelchairs.', 'ko': '휠체어 접근이 용이합니다.'}, 'sfsName': {'en': 'Wheelchair accessible', 'ko': '휠체어 접근 가능'}, 'isChecked': True, 'sfsIconUrl': 'https://s3.ap-northeast-2.amazonaws.com/bfzido/images/facilities_icon/', 'sfsSortNum': 0, 'sfsIconName': 'icon_disabled.png', 'sfsIsEnabled': 'Y', 'sfsRegDatetime': '2018-06-28 18:30:00'}, {'sfsSeq': 9, 'sfsDesc': [], 'sfsName': {'en': 'The place is on the first floor.', 'ko': '해당 장소가 1층에 위치함'}, 'isChecked': True, 'sfsIconUrl': 'https://s3.ap-northeast-2.amazonaws.com/bfzido/images/facilities_icon/', 'sfsSortNum': 1, 'sfsIconName': 'icon_groundfloor.png', 'sfsIsEnabled': 'Y', 'sfsRegDatetime': '2018-06-28 18:30:00'}, {'sfsSeq': 11, 'sfsDesc': [], 'sfsName': {'en': 'Pet helpers allowed', 'ko': '애완견/도우미견 출입가능'}, 'isChecked': True, 'sfsIconUrl': 'https://s3.ap-northeast-2.amazonaws.com/bfzido/images/facilities_icon/', 'sfsSortNum': 3, 'sfsIconName': 'icon_pet.png', 'sfsIsEnabled': 'Y', 'sfsRegDatetime': '2018-06-28 18:30:00'}, {'sfsSeq': 12, 'sfsDesc': [], 'sfsName': {'en': 'Elevator for the disabled', 'ko': '장애인 엘리베이터 있음'}, 'isChecked': True, 'sfsIconUrl': 'https://s3.ap-northeast-2.amazonaws.com/bfzido/images/facilities_icon/', 'sfsSortNum': 4, 'sfsIconName': 'icon_disabledelevator.png', 'sfsIsEnabled': 'Y', 'sfsRegDatetime': '2018-06-28 18:30:00'}, {'sfsSeq': 13, 'sfsDesc': {'en': 'There must be no stairs on the way to the elevator, and the width of the elevator entrance must be at least 32 inches / 81 cm.', 'ko': '엘리베이터까지 이동하는데 계단이 없어야하며, 엘리베이터 입구의 가로 길이가 최소 32인치/81cm이어야 합니다.'}, 'sfsName': {'en': 'Elevator', 'ko': '엘리베이터 있음'}, 'isChecked': True, 'sfsIconUrl': 'https://s3.ap-northeast-2.amazonaws.com/bfzido/images/facilities_icon/', 'sfsSortNum': 5, 'sfsIconName': 'icon_elevator.png', 'sfsIsEnabled': 'Y', 'sfsRegDatetime': '2018-06-28 18:30:00'}, {'sfsSeq': 15, 'sfsDesc': {'en': 'The Internet connection is stable', 'ko': '해당 장소에서 인터넷이 끊임없이 연결'}, 'sfsName': {'en': 'Wifi zone', 'ko': '무료 무선 인터넷 가능'}, 'isChecked': True, 'sfsIconUrl': 'https://s3.ap-northeast-2.amazonaws.com/bfzido/images/facilities_icon/', 'sfsSortNum': 7, 'sfsIconName': 'icon_wifi.png', 'sfsIsEnabled': 'Y', 'sfsRegDatetime': '2018-06-28 18:30:00'}, {'sfsSeq': 16, 'sfsDesc': [], 'sfsName': {'en': 'Suitable for family / children', 'ko': '가족/어린이 이용에 적합'}, 'isChecked': True, 'sfsIconUrl': 'https://s3.ap-northeast-2.amazonaws.com/bfzido/images/facilities_icon/', 'sfsSortNum': 8, 'sfsIconName': 'icon_people.png', 'sfsIsEnabled': 'Y', 'sfsRegDatetime': '2018-06-28 18:30:00'}]",관평동,대전광역시 유성구 테크노4로 107,34018.0,,,,13129596,13129596,True,IBK기업은행 대덕테크노밸리
8a742356dde4cbe320d3d6afaa29a25520210720141630,bf,5.0,롯데마트 대덕점,category7,36.426887861097,127.38702896953,,대전광역시 유성구 관평동,,3020014600,"{'openDays': ['mon', 'tue', 'wed', 'thu', 'fri', 'sat', 'sun'], 'openTime': '10:00', 'closeTime': '23:00'}","{'openTime': '', 'closeDays': '', 'closeTime': ''}","매월 둘째,넷째주 일요일 휴무",0429302500,,Y,11,dahyee0218@daum.net,kakaotalk,2021-07-20 14:16:30,0,0,"[{'sfsSeq': 8, 'sfsDesc': {'en': 'Easily accessible for Wheelchairs.', 'ko': '휠체어 접근이 용이합니다.'}, 'sfsName': {'en': 'Wheelchair accessible', 'ko': '휠체어 접근 가능'}, 'isChecked': True, 'sfsIconUrl': 'https://s3.ap-northeast-2.amazonaws.com/bfzido/images/facilities_icon/', 'sfsSortNum': 0, 'sfsIconName': 'icon_disabled.png', 'sfsIsEnabled': 'Y', 'sfsRegDatetime': '2018-06-28 18:30:00'}, {'sfsSeq': 9, 'sfsDesc': [], 'sfsName': {'en': 'The place is on the first floor.', 'ko': '해당 장소가 1층에 위치함'}, 'isChecked': True, 'sfsIconUrl': 'https://s3.ap-northeast-2.amazonaws.com/bfzido/images/facilities_icon/', 'sfsSortNum': 1, 'sfsIconName': 'icon_groundfloor.png', 'sfsIsEnabled': 'Y', 'sfsRegDatetime': '2018-06-28 18:30:00'}, {'sfsSeq': 10, 'sfsDesc': [], 'sfsName': {'en': 'Disabled toilet available', 'ko': '장애인 화장실 있음'}, 'isChecked': True, 'sfsIconUrl': 'https://s3.ap-northeast-2.amazonaws.com/bfzido/images/facilities_icon/', 'sfsSortNum': 2, 'sfsIconName': 'icon_restroom.png', 'sfsIsEnabled': 'Y', 'sfsRegDatetime': '2018-06-28 18:30:00'}, {'sfsSeq': 11, 'sfsDesc': [], 'sfsName': {'en': 'Pet helpers allowed', 'ko': '애완견/도우미견 출입가능'}, 'isChecked': True, 'sfsIconUrl': 'https://s3.ap-northeast-2.amazonaws.com/bfzido/images/facilities_icon/', 'sfsSortNum': 3, 'sfsIconName': 'icon_pet.png', 'sfsIsEnabled': 'Y', 'sfsRegDatetime': '2018-06-28 18:30:00'}, {'sfsSeq': 12, 'sfsDesc': [], 'sfsName': {'en': 'Elevator for the disabled', 'ko': '장애인 엘리베이터 있음'}, 'isChecked': True, 'sfsIconUrl': 'https://s3.ap-northeast-2.amazonaws.com/bfzido/images/facilities_icon/', 'sfsSortNum': 4, 'sfsIconName': 'icon_disabledelevator.png', 'sfsIsEnabled': 'Y', 'sfsRegDatetime': '2018-06-28 18:30:00'}, {'sfsSeq': 13, 'sfsDesc': {'en': 'There must be no stairs on the way to the elevator, and the width of the elevator entrance must be at least 32 inches / 81 cm.', 'ko': '엘리베이터까지 이동하는데 계단이 없어야하며, 엘리베이터 입구의 가로 길이가 최소 32인치/81cm이어야 합니다.'}, 'sfsName': {'en': 'Elevator', 'ko': '엘리베이터 있음'}, 'isChecked': True, 'sfsIconUrl': 'https://s3.ap-northeast-2.amazonaws.com/bfzido/images/facilities_icon/', 'sfsSortNum': 5, 'sfsIconName': 'icon_elevator.png', 'sfsIsEnabled': 'Y', 'sfsRegDatetime': '2018-06-28 18:30:00'}, {'sfsSeq': 14, 'sfsDesc': [], 'sfsName': {'en': 'Free parking', 'ko': '건물 내 무료 주차 가능'}, 'isChecked': True, 'sfsIconUrl': 'https://s3.ap-northeast-2.amazonaws.com/bfzido/images/facilities_icon/', 'sfsSortNum': 6, 'sfsIconName': 'icon_parking.png', 'sfsIsEnabled': 'Y', 'sfsRegDatetime': '2018-06-28 18:30:00'}, {'sfsSeq': 15, 'sfsDesc': {'en': 'The Internet connection is stable', 'ko': '해당 장소에서 인터넷이 끊임없이 연결'}, 'sfsName': {'en': 'Wifi zone', 'ko': '무료 무선 인터넷 가능'}, 'isChecked': True, 'sfsIconUrl': 'https://s3.ap-northeast-2.amazonaws.com/bfzido/images/facilities_icon/', 'sfsSortNum': 7, 'sfsIconName': 'icon_wifi.png', 'sfsIsEnabled': 'Y', 'sfsRegDatetime': '2018-06-28 18:30:00'}, {'sfsSeq': 16, 'sfsDesc': [], 'sfsName': {'en': 'Suitable for family / children', 'ko': '가족/어린이 이용에 적합'}, 'isChecked': True, 'sfsIconUrl': 'https://s3.ap-northeast-2.amazonaws.com/bfzido/images/facilities_icon/', 'sfsSortNum': 8, 'sfsIconName': 'icon_people.png', 'sfsIsEnabled': 'Y', 'sfsRegDatetime': '2018-06-28 18:30:00'}]",관평동,대전광역시 유성구 테크노중앙로 14,34017.0,,,,30805711,30805711,True,롯데마트 대덕점
5fd72a3f13aed34f396ab8894f9250ea20210713104212,bf,5.0,하와이코다사자커피,category1,36.322240204237,127.40446824585,,대전광역시 중구 오류동,,3014011300,"{'openDays': ['mon', 'tue', 'wed', 'thu', 'fri', 'sat', 'sun'], 'openTime': '08:00', 'closeTime': '20:00'}","{'openTime': '', 'closeDays': '', 'closeTime': ''}",,050713863216,,Y,6,doe06119@naver.com,email,2021-07-13 10:42:12,0,0,"[{'sfsSeq': 8, 'sfsDesc': {'en': 'Easily accessible for Wheelchairs.', 'ko': '휠체어 접근이 용이합니다.'}, 'sfsName': {'en': 'Wheelchair accessible', 'ko': '휠체어 접근 가능'}, 'isChecked': True, 'sfsIconUrl': 'https://s3.ap-northeast-2.amazonaws.com/bfzido/images/facilities_icon/', 'sfsSortNum': 0, 'sfsIconName': 'icon_disabled.png', 'sfsIsEnabled': 'Y', 'sfsRegDatetime': '2018-06-28 18:30:00'}, {'sfsSeq': 9, 'sfsDesc': [], 'sfsName': {'en': 'The place is on the first floor.', 'ko': '해당 장소가 1층에 위치함'}, 'isChecked': True, 'sfsIconUrl': 'https://s3.ap-northeast-2.amazonaws.com/bfzido/images/facilities_icon/', 'sfsSortNum': 1, 'sfsIconName': 'icon_groundfloor.png', 'sfsIsEnabled': 'Y', 'sfsRegDatetime': '2018-06-28 18:30:00'}, {'sfsSeq': 10, 'sfsDesc': [], 'sfsName': {'en': 'Disabled toilet available', 'ko': '장애인 화장실 있음'}, 'isChecked': True, 'sfsIconUrl': 'https://s3.ap-northeast-2.amazonaws.com/bfzido/images/facilities_icon/', 'sfsSortNum': 2, 'sfsIconName': 'icon_restroom.png', 'sfsIsEnabled': 'Y', 'sfsRegDatetime': '2018-06-28 18:30:00'}, {'sfsSeq': 11, 'sfsDesc': [], 'sfsName': {'en': 'Pet helpers allowed', 'ko': '애완견/도우미견 출입가능'}, 'isChecked': True, 'sfsIconUrl': 'https://s3.ap-northeast-2.amazonaws.com/bfzido/images/facilities_icon/', 'sfsSortNum': 3, 'sfsIconName': 'icon_pet.png', 'sfsIsEnabled': 'Y', 'sfsRegDatetime': '2018-06-28 18:30:00'}, {'sfsSeq': 12, 'sfsDesc': [], 'sfsName': {'en': 'Elevator for the disabled', 'ko': '장애인 엘리베이터 있음'}, 'isChecked': True, 'sfsIconUrl': 'https://s3.ap-northeast-2.amazonaws.com/bfzido/images/facilities_icon/', 'sfsSortNum': 4, 'sfsIconName': 'icon_disabledelevator.png', 'sfsIsEnabled': 'Y', 'sfsRegDatetime': '2018-06-28 18:30:00'}, {'sfsSeq': 13, 'sfsDesc': {'en': 'There must be no stairs on the way to the elevator, and the width of the elevator entrance must be at least 32 inches / 81 cm.', 'ko': '엘리베이터까지 이동하는데 계단이 없어야하며, 엘리베이터 입구의 가로 길이가 최소 32인치/81cm이어야 합니다.'}, 'sfsName': {'en': 'Elevator', 'ko': '엘리베이터 있음'}, 'isChecked': True, 'sfsIconUrl': 'https://s3.ap-northeast-2.amazonaws.com/bfzido/images/facilities_icon/', 'sfsSortNum': 5, 'sfsIconName': 'icon_elevator.png', 'sfsIsEnabled': 'Y', 'sfsRegDatetime': '2018-06-28 18:30:00'}, {'sfsSeq': 14, 'sfsDesc': [], 'sfsName': {'en': 'Free parking', 'ko': '건물 내 무료 주차 가능'}, 'isChecked': True, 'sfsIconUrl': 'https://s3.ap-northeast-2.amazonaws.com/bfzido/images/facilities_icon/', 'sfsSortNum': 6, 'sfsIconName': 'icon_parking.png', 'sfsIsEnabled': 'Y', 'sfsRegDatetime': '2018-06-28 18:30:00'}, {'sfsSeq': 15, 'sfsDesc': {'en': 'The Internet connection is stable', 'ko': '해당 장소에서 인터넷이 끊임없이 연결'}, 'sfsName': {'en': 'Wifi zone', 'ko': '무료 무선 인터넷 가능'}, 'isChecked': True, 'sfsIconUrl': 'https://s3.ap-northeast-2.amazonaws.com/bfzido/images/facilities_icon/', 'sfsSortNum': 7, 'sfsIconName': 'icon_wifi.png', 'sfsIsEnabled': 'Y', 'sfsRegDatetime': '2018-06-28 18:30:00'}]",,,,,,,,,no_result,
a5829a73f88eaa48115f469187cec05920210616044924,bf,5.0,스타벅스현대아울렛,category1,36.424330625871,127.39872472735,,대전광역시 유성구 용산동,,3020014400,"{'openDays': ['mon', 'tue', 'wed', 'thu', 'fri', 'sat', 'sun'], 'openTime': '10:30', 'closeTime': '21:00'}","{'openTime': '', 'closeDays': '', 'closeTime': ''}",,,,Y,10,chanhongkim@naver.com,email,2021-06-16 04:49:24,0,0,"[{'sfsSeq': '8', 'sfsDesc': {'en': 'Easily accessible for Wheelchairs.', 'ko': '휠체어 접근이 용이합니다.'}, 'sfsName': {'en': 'Wheelchair accessible', 'ko': '휠체어 접근 가능'}, 'isChecked': True, 'sfsIconUrl': 'https://s3.ap-northeast-2.amazonaws.com/bfzido/images/facilities_icon/', 'sfsSortNum': '0', 'sfsIconName': 'icon_disabled.png', 'sfsIsEnabled': 'Y', 'sfsRegDatetime': '2018-06-28 18:30:00'}, {'sfsSeq': '9', 'sfsDesc': [], 'sfsName': {'en': 'The place is on the first floor.', 'ko': '해당 장소가 1층에 위치함'}, 'isChecked': True, 'sfsIconUrl': 'https://s3.ap-northeast-2.amazonaws.com/bfzido/images/facilities_icon/', 'sfsSortNum': '1', 'sfsIconName': 'icon_groundfloor.png', 'sfsIsEnabled': 'Y', 'sfsRegDatetime': '2018-06-28 18:30:00'}, {'sfsSeq': '10', 'sfsDesc': [], 'sfsName': {'en': 'Disabled toilet available', 'ko': '장애인 화장실 있음'}, 'isChecked': True, 'sfsIconUrl': 'https://s3.ap-northeast-2.amazonaws.com/bfzido/images/facilities_icon/', 'sfsSortNum': '2', 'sfsIconName': 'icon_restroom.png', 'sfsIsEnabled': 'Y', 'sfsRegDatetime': '2018-06-28 18:30:00'}, {'sfsSeq': '11', 'sfsDesc': [], 'sfsName': {'en': 'Pet helpers allowed', 'ko': '애완견/도우미견 출입가능'}, 'isChecked': True, 'sfsIconUrl': 'https://s3.ap-northeast-2.amazonaws.com/bfzido/images/facilities_icon/', 'sfsSortNum': '3', 'sfsIconName': 'icon_pet.png', 'sfsIsEnabled': 'Y', 'sfsRegDatetime': '2018-06-28 18:30:00'}, {'sfsSeq': '13', 'sfsDesc': {'en': 'There must be no stairs on the way to the elevator, and the width of the elevator entrance must be at least 32 inches / 81 cm.', 'ko': '엘리베이터까지 이동하는데 계단이 없어야하며, 엘리베이터 입구의 가로 길이가 최소 32인치/81cm이어야 합니다.'}, 'sfsName': {'en': 'Elevator', 'ko': '엘리베이터 있음'}, 'isChecked': True, 'sfsIconUrl': 'https://s3.ap-northeast-2.amazonaws.com/bfzido/images/facilities_icon/', 'sfsSortNum': '5', 'sfsIconName': 'icon_elevator.png', 'sfsIsEnabled': 'Y', 'sfsRegDatetime': '2018-06-28 18:30:00'}, {'sfsSeq': '14', 'sfsDesc': [], 'sfsName': {'en': 'Free parking', 'ko': '건물 내 무료 주차 가능'}, 'isChecked': True, 'sfsIconUrl': 'https://s3.ap-northeast-2.amazonaws.com/bfzido/images/facilities_icon/', 'sfsSortNum': '6', 'sfsIconName': 'icon_parking.png', 'sfsIsEnabled': 'Y', 'sfsRegDatetime': '2018-06-28 18:30:00'}, {'sfsSeq': '15', 'sfsDesc': {'en': 'The Internet connection is stable', 'ko': '해당 장소에서 인터넷이 끊임없이 연결'}, 'sfsName': {'en': 'Wifi zone', 'ko': '무료 무선 인터넷 가능'}, 'isChecked': True, 'sfsIconUrl': 'https://s3.ap-northeast-2.amazonaws.com/bfzido/images/facilities_icon/', 'sfsSortNum': '7', 'sfsIconName': 'icon_wifi.png', 'sfsIsEnabled': 'Y', 'sfsRegDatetime': '2018-06-28 18:30:00'}, {'sfsSeq': '16', 'sfsDesc': [], 'sfsName': {'en': 'Suitable for family / children', 'ko': '가족/어린이 이용에 적합'}, 'isChecked': True, 'sfsIconUrl': 'https://s3.ap-northeast-2.amazonaws.com/bfzido/images/facilities_icon/', 'sfsSortNum': '8', 'sfsIconName': 'icon_people.png', 'sfsIsEnabled': 'Y', 'sfsRegDatetime': '2018-06-28 18:30:00'}]",,,,,,,1160134303,1160134303,different,스타벅스 대전현대아울렛점
87c971f50b6c248dfc5037702f854c6420210610104258,bf,5.0,스타벅스 대전대덕로점,category1,36.352426960695,127.38058284276,,대전광역시 서구 둔산동,,3017011200,"{'openDays': ['mon', 'sun'], 'openTime': '06:30', 'closeTime': '21:00'}","{'openTime': '', 'closeDays': '', 'closeTime': ''}",평일 0630am-2100pm 주말및공휴일 0800am-2100pm,0424829811,,Y,7,iwsyser@naver.com,email,2021-06-10 10:42:58,0,0,"[{'sfsSeq': '8', 'sfsDesc': {'en': 'Easily accessible for Wheelchairs.', 'ko': '휠체어 접근이 용이합니다.'}, 'sfsName': {'en': 'Wheelchair accessible', 'ko': '휠체어 접근 가능'}, 'isChecked': True, 'sfsIconUrl': 'https://s3.ap-northeast-2.amazonaws.com/bfzido/images/facilities_icon/', 'sfsSortNum': '0', 'sfsIconName': 'icon_disabled.png', 'sfsIsEnabled': 'Y', 'sfsRegDatetime': '2018-06-28 18:30:00'}, {'sfsSeq': '9', 'sfsDesc': [], 'sfsName': {'en': 'The place is on the first floor.', 'ko': '해당 장소가 1층에 위치함'}, 'isChecked': True, 'sfsIconUrl': 'https://s3.ap-northeast-2.amazonaws.com/bfzido/images/facilities_icon/', 'sfsSortNum': '1', 'sfsIconName': 'icon_groundfloor.png', 'sfsIsEnabled': 'Y', 'sfsRegDatetime': '2018-06-28 18:30:00'}, {'sfsSeq': '10', 'sfsDesc': [], 'sfsName': {'en': 'Disabled toilet available', 'ko': '장애인 화장실 있음'}, 'isChecked': True, 'sfsIconUrl': 'https://s3.ap-northeast-2.amazonaws.com/bfzido/images/facilities_icon/', 'sfsSortNum': '2', 'sfsIconName': 'icon_restroom.png', 'sfsIsEnabled': 'Y', 'sfsRegDatetime': '2018-06-28 18:30:00'}, {'sfsSeq': '11', 'sfsDesc': [], 'sfsName': {'en': 'Pet helpers allowed', 'ko': '애완견/도우미견 출입가능'}, 'isChecked': True, 'sfsIconUrl': 'https://s3.ap-northeast-2.amazonaws.com/bfzido/images/facilities_icon/', 'sfsSortNum': '3', 'sfsIconName': 'icon_pet.png', 'sfsIsEnabled': 'Y', 'sfsRegDatetime': '2018-06-28 18:30:00'}, {'sfsSeq': '12', 'sfsDesc': [], 'sfsName': {'en': 'Elevator for the disabled', 'ko': '장애인 엘리베이터 있음'}, 'isChecked': True, 'sfsIconUrl': 'https://s3.ap-northeast-2.amazonaws.com/bfzido/images/facilities_icon/', 'sfsSortNum': '4', 'sfsIconName': 'icon_disabledelevator.png', 'sfsIsEnabled': 'Y', 'sfsRegDatetime': '2018-06-28 18:30:00'}, {'sfsSeq': '13', 'sfsDesc': {'en': 'There must be no stairs on the way to the elevator, and the width of the elevator entrance must be at least 32 inches / 81 cm.', 'ko': '엘리베이터까지 이동하는데 계단이 없어야하며, 엘리베이터 입구의 가로 길이가 최소 32인치/81cm이어야 합니다.'}, 'sfsName': {'en': 'Elevator', 'ko': '엘리베이터 있음'}, 'isChecked': True, 'sfsIconUrl': 'https://s3.ap-northeast-2.amazonaws.com/bfzido/images/facilities_icon/', 'sfsSortNum': '5', 'sfsIconName': 'icon_elevator.png', 'sfsIsEnabled': 'Y', 'sfsRegDatetime': '2018-06-28 18:30:00'}, {'sfsSeq': '15', 'sfsDesc': {'en': 'The Internet connection is stable', 'ko': '해당 장소에서 인터넷이 끊임없이 연결'}, 'sfsName': {'en': 'Wifi zone', 'ko': '무료 무선 인터넷 가능'}, 'isChecked': True, 'sfsIconUrl': 'https://s3.ap-northeast-2.amazonaws.com/bfzido/images/facilities_icon/', 'sfsSortNum': '7', 'sfsIconName': 'icon_wifi.png', 'sfsIsEnabled': 'Y', 'sfsRegDatetime': '2018-06-28 18:30:00'}, {'sfsSeq': '16', 'sfsDesc': [], 'sfsName': {'en': 'Suitable for family / children', 'ko': '가족/어린이 이용에 적합'}, 'isChecked': True, 'sfsIconUrl': 'https://s3.ap-northeast-2.amazonaws.com/bfzido/images/facilities_icon/', 'sfsSortNum': '8', 'sfsIconName': 'icon_people.png', 'sfsIsEnabled': 'Y', 'sfsRegDatetime': '2018-06-28 18:30:00'}]",,,,,,,35562995,35562995,different,스타벅스 대전대덕로점
d242339b36a41eb46c9ebb119ccea10120210529071424,bf,5.0,행촌회관빌딩,category2,36.352518391495,127.38995815045,,대전광역시 서구 둔산동,,3017011200,"{'openDays': ['mon', 'tue', 'wed', 'thu', 'fri', 'sat', 'sun'], 'openTime': '09:00', 'closeTime': '20:00'}","{'openTime': '', 'closeDays': '', 'closeTime': ''}",병원 학원 약국등 운영시간 다름,,,Y,7,jhm0515@naver.com,email,2021-05-29 07:14:24,0,0,"[{'sfsSeq': '8', 'sfsDesc': {'en': 'Easily accessible for Wheelchairs.', 'ko': '휠체어 접근이 용이합니다.'}, 'sfsName': {'en': 'Wheelchair accessible', 'ko': '휠체어 접근 가능'}, 'isChecked': True, 'sfsIconUrl': 'https://s3.ap-northeast-2.amazonaws.com/bfzido/images/facilities_icon/', 'sfsSortNum': '0', 'sfsIconName': 'icon_disabled.png', 'sfsIsEnabled': 'Y', 'sfsRegDatetime': '2018-06-28 18:30:00'}, {'sfsSeq': '9', 'sfsDesc': [], 'sfsName': {'en': 'The place is on the first floor.', 'ko': '해당 장소가 1층에 위치함'}, 'isChecked': True, 'sfsIconUrl': 'https://s3.ap-northeast-2.amazonaws.com/bfzido/images/facilities_icon/', 'sfsSortNum': '1', 'sfsIconName': 'icon_groundfloor.png', 'sfsIsEnabled': 'Y', 'sfsRegDatetime': '2018-06-28 18:30:00'}, {'sfsSeq': '13', 'sfsDesc': {'en': 'There must be no stairs on the way to the elevator, and the width of the elevator entrance must be at least 32 inches / 81 cm.', 'ko': '엘리베이터까지 이동하는데 계단이 없어야하며, 엘리베이터 입구의 가로 길이가 최소 32인치/81cm이어야 합니다.'}, 'sfsName': {'en': 'Elevator', 'ko': '엘리베이터 있음'}, 'isChecked': True, 'sfsIconUrl': 'https://s3.ap-northeast-2.amazonaws.com/bfzido/images/facilities_icon/', 'sfsSortNum': '5', 'sfsIconName': 'icon_elevator.png', 'sfsIsEnabled': 'Y', 'sfsRegDatetime': '2018-06-28 18:30:00'}, {'sfsSeq': '16', 'sfsDesc': [], 'sfsName': {'en': 'Suitable for family / children', 'ko': '가족/어린이 이용에 적합'}, 'isChecked': True, 'sfsIconUrl': 'https://s3.ap-northeast-2.amazonaws.com/bfzido/images/facilities_icon/', 'sfsSortNum': '8', 'sfsIconName': 'icon_people.png', 'sfsIsEnabled': 'Y', 'sfsRegDatetime': '2018-06-28 18:30:00'}]",둔산동,대전광역시 서구 문예로 65,35240.0,,,,19341298,19341298,True,대덕프라자
466d31c316900c90dae6bb8057c5312d20210529030927,bf,5.0,석봉동행정복지주민센터,category5,36.447604710852,127.425666923,,대전광역시 대덕구 석봉동,,3023011100,"{'openDays': ['mon', 'tue', 'wed', 'thu', 'fri'], 'openTime': '10:00', 'closeTime': '18:00'}","{'openTime': '', 'closeDays': '', 'closeTime': ''}",,,,Y,3,cdf630@naver.com,email,2021-05-29 03:09:27,0,0,"[{'sfsSeq': '8', 'sfsDesc': {'en': 'Easily accessible for Wheelchairs.', 'ko': '휠체어 접근이 용이합니다.'}, 'sfsName': {'en': 'Wheelchair accessible', 'ko': '휠체어 접근 가능'}, 'isChecked': True, 'sfsIconUrl': 'https://s3.ap-northeast-2.amazonaws.com/bfzido/images/facilities_icon/', 'sfsSortNum': '0', 'sfsIconName': 'icon_disabled.png', 'sfsIsEnabled': 'Y', 'sfsRegDatetime': '2018-06-28 18:30:00'}, {'sfsSeq': '9', 'sfsDesc': [], 'sfsName': {'en': 'The place is on the first floor.', 'ko': '해당 장소가 1층에 위치함'}, 'isChecked': True, 'sfsIconUrl': 'https://s3.ap-northeast-2.amazonaws.com/bfzido/images/facilities_icon/', 'sfsSortNum': '1', 'sfsIconName': 'icon_groundfloor.png', 'sfsIsEnabled': 'Y', 'sfsRegDatetime': '2018-06-28 18:30:00'}, {'sfsSeq': '10', 'sfsDesc': [], 'sfsName': {'en': 'Disabled toilet available', 'ko': '장애인 화장실 있음'}, 'isChecked': True, 'sfsIconUrl': 'https://s3.ap-northeast-2.amazonaws.com/bfzido/images/facilities_icon/', 'sfsSortNum': '2', 'sfsIconName': 'icon_restroom.png', 'sfsIsEnabled': 'Y', 'sfsRegDatetime': '2018-06-28 18:30:00'}, {'sfsSeq': '11', 'sfsDesc': [], 'sfsName': {'en': 'Pet helpers allowed', 'ko': '애완견/도우미견 출입가능'}, 'isChecked': True, 'sfsIconUrl': 'https://s3.ap-northeast-2.amazonaws.com/bfzido/images/facilities_icon/', 'sfsSortNum': '3', 'sfsIconName': 'icon_pet.png', 'sfsIsEnabled': 'Y', 'sfsRegDatetime': '2018-06-28 18:30:00'}, {'sfsSeq': '14', 'sfsDesc': [], 'sfsName': {'en': 'Free parking', 'ko': '건물 내 무료 주차 가능'}, 'isChecked': True, 'sfsIconUrl': 'https://s3.ap-northeast-2.amazonaws.com/bfzido/images/facilities_icon/', 'sfsSortNum': '6', 'sfsIconName': 'icon_parking.png', 'sfsIsEnabled': 'Y', 'sfsRegDatetime': '2018-06-28 18:30:00'}, {'sfsSeq': '15', 'sfsDesc': {'en': 'The Internet connection is stable', 'ko': '해당 장소에서 인터넷이 끊임없이 연결'}, 'sfsName': {'en': 'Wifi zone', 'ko': '무료 무선 인터넷 가능'}, 'isChecked': True, 'sfsIconUrl': 'https://s3.ap-northeast-2.amazonaws.com/bfzido/images/facilities_icon/', 'sfsSortNum': '7', 'sfsIconName': 'icon_wifi.png', 'sfsIsEnabled': 'Y', 'sfsRegDatetime': '2018-06-28 18:30:00'}, {'sfsSeq': '16', 'sfsDesc': [], 'sfsName': {'en': 'Suitable for family / children', 'ko': '가족/어린이 이용에 적합'}, 'isChecked': True, 'sfsIconUrl': 'https://s3.ap-northeast-2.amazonaws.com/bfzido/images/facilities_icon/', 'sfsSortNum': '8', 'sfsIconName': 'icon_people.png', 'sfsIsEnabled': 'Y', 'sfsRegDatetime': '2018-06-28 18:30:00'}]",,,,,,,16064601,16064601,different,석봉동 행정복지센터
